ra,st_raerr,st_rah,st_raherr,ra_str,dec,st_decerr,dec_str,st_glon,st_glonerr,st_glat,st_glaterr,st_elon,st_elonerr,st_elat,st_elaterr,st_posn,st_plx,st_plxerr1,st_plxerr2,st_plxlim,st_plxn,st_dist,st_disterr1,st_disterr2,st_distlim,st_distn,st_pmra,st_pmraerr,st_pmralim,st_pmdec,st_pmdecerr,st_pmdeclim,st_pm,st_pmerr,st_pmlim,st_pmn,st_radv,st_radverr1,st_radverr2,st_radvlim,st_radvn,st_uj,st_ujerr,st_ujlim,st_bj,st_bjerr,st_bjlim,st_vj,st_vjerr,st_vjlim,st_rc,st_rcerr,st_rclim,st_ic,st_icerr,st_iclim,st_j,st_jerr,st_jlim,st_h,st_herr,st_hlim,st_k,st_kerr,st_klim,st_wise1,st_wise1err,st_wise1lim,st_wise2,st_wise2err,st_wise2lim,st_wise3,st_wise3err,st_wise3lim,st_wise4,st_wise4err,st_wise4lim,st_irac1,st_irac1err,st_irac1lim,st_irac2,st_irac2err,st_irac2lim,st_irac3,st_irac3err,st_irac3lim,st_irac4,st_irac4err,st_irac4lim,st_mips1,st_mips1err,st_mips1lim,st_mips2,st_mips2err,st_mips2lim,st_mips3,st_mips3err,st_mips3lim,st_iras1,st_iras1err,st_iras1lim,st_iras2,st_iras2err,st_iras2lim,st_iras3,st_iras3err,st_iras3lim,st_iras4,st_iras4err,st_iras4lim,st_optmag,st_optmagerr,st_optmaglim,st_optband,st_photn,st_umbj,st_umbjerr,st_umbjlim,st_bmvj,st_bmvjerr,st_bmvjlim,st_vjmic,st_vjmicerr,st_vjmiclim,st_vjmrc,st_vjmrcerr,st_vjmrclim,st_jmh2,st_jmh2err,st_jmh2lim,st_hmk2,st_hmk2err,st_hmk2lim,st_jmk2,st_jmk2err,st_jmk2lim,st_bmy,st_bmyerr,st_bmylim,st_m1,st_m1err,st_m1lim,st_c1,st_c1err,st_c1lim,st_colorn,st_spstr,st_ssperr,st_splim,st_spn,st_teff,st_tefferr1,st_tefferr2,st_tefflim,st_teffn,st_logg,st_loggerr1,st_loggerr2,st_logglim,st_loggn,st_metfe,st_metfeerr1,st_metfeerr2,st_metfelim,st_metfen,st_metratio,st_lum,st_lumerr1,st_lumerr2,st_lumlim,st_lumn,st_rad,st_raderr1,st_raderr2,st_radlim,st_radn,st_mass,st_masserr1,st_masserr2,st_masslim,st_massn,st_dens,st_denserr1,st_denserr2,st_denslim,st_densn,st_age,st_ageerr1,st_ageerr2,st_agelim,st_agen,st_vsini,st_vsinierr1,st_vsinierr2,st_vsinilim,st_vsinin,st_acts,st_actserr,st_actslim,st_actsn,st_actr,st_actrerr,st_actrlim,st_actrn,st_actlx,st_actlxerr,st_actlxlim,st_actlxn,st_nts,st_nplc,st_nglc,st_nrvc,st_naxa,st_nimg,st_nspec,hd_name,hip_name,swasp_id,pl_name,pl_hostname,pl_letter,pl_pnum,pl_snum,pl_mnum,pl_status,pl_discmethod,pl_disc,pl_disc_refname,pl_publ_date,pl_facility,pl_telescope,pl_instrument,pl_locale,pl_def_refname,pl_rvflag,pl_imgflag,pl_astflag,pl_tranflag,pl_ttvflag,pl_kepflag,pl_k2flag,pl_nnotes,pl_cbflag,pl_omflag,pl_pelink,pl_edelink,pl_orbper,pl_orbpererr1,pl_orbpererr2,pl_orbperlim,pl_orbpern,pl_orbsmax,pl_orbsmaxerr1,pl_orbsmaxerr2,pl_orbsmaxlim,pl_orbsmaxn,pl_orbincl,pl_orbinclerr1,pl_orbinclerr2,pl_orbincllim,pl_orbincln,pl_orbtper,pl_orbtpererr1,pl_orbtpererr2,pl_orbtperlim,pl_orbtpern,pl_orbeccen,pl_orbeccenerr1,pl_orbeccenerr2,pl_orbeccenlim,pl_orbeccenn,pl_orblper,pl_orblpererr1,pl_orblpererr2,pl_orblperlim,pl_orblpern,pl_rvamp,pl_rvamperr1,pl_rvamperr2,pl_rvamplim,pl_rvampn,pl_conrat,pl_conraterr1,pl_conraterr2,pl_conratlim,pl_conratband,pl_conratn,pl_msinij,pl_msinijerr1,pl_msinijerr2,pl_msinijlim,pl_msinie,pl_msinieerr1,pl_msinieerr2,pl_msinielim,pl_msinin,pl_massj,pl_massjerr1,pl_massjerr2,pl_massjlim,pl_masse,pl_masseerr1,pl_masseerr2,pl_masselim,pl_massn,pl_bmassj,pl_bmassjerr1,pl_bmassjerr2,pl_bmassjlim,pl_bmasse,pl_bmasseerr1,pl_bmasseerr2,pl_bmasselim,pl_bmassn,pl_bmassprov,pl_radj,pl_radjerr1,pl_radjerr2,pl_radjlim,pl_rade,pl_radeerr1,pl_radeerr2,pl_radelim,pl_rads,pl_radserr1,pl_radserr2,pl_radslim,pl_radn,pl_dens,pl_denserr1,pl_denserr2,pl_denslim,pl_densn,pl_eqt,pl_eqterr1,pl_eqterr2,pl_eqtlim,pl_eqtn,pl_insol,pl_insolerr1,pl_insolerr2,pl_insollim,pl_insoln,pl_trandep,pl_trandeperr1,pl_trandeperr2,pl_trandeplim,pl_trandepn,pl_trandur,pl_trandurerr1,pl_trandurerr2,pl_trandurlim,pl_trandurn,pl_tranmid,pl_tranmiderr1,pl_tranmiderr2,pl_tranmidlim,pl_tranmidn,pl_tsystemref,pl_imppar,pl_impparerr1,pl_impparerr2,pl_impparlim,pl_impparn,pl_occdep,pl_occdeperr1,pl_occdeperr2,pl_occdeplim,pl_occdepn,pl_ratdor,pl_ratdorerr1,pl_ratdorerr2,pl_ratdorlim,pl_ratdorn,pl_ratror,pl_ratrorerr1,pl_ratrorerr2,pl_ratrorlim,pl_ratrorn,pl_mrtranmid,pl_mrtranmiderr1,pl_mrtranmiderr2,pl_mrtranmidlim,pl_mrtmrefid,pl_mrtmreflink,pl_mrtsystemref,pl_st_npar,pl_st_nref,rowupdate,gaia_plx,gaia_plxerr1,gaia_plxerr2,gaia_plxlim,gaia_dist,gaia_disterr1,gaia_disterr2,gaia_distlim,gaia_pmra,gaia_pmraerr,gaia_pmralim,gaia_pmdec,gaia_pmdecerr,gaia_pmdeclim,gaia_pm,gaia_pmerr,gaia_pmlim,gaia_gmag,gaia_gmagerr,gaia_gmaglim,pl_angsep,pl_angseperr1,pl_angseperr2,pl_controvflag
45.464111,0.000098,3.03094076,0.00000657,03h01m51.39s,-16.593372,0.000094,-16d35m36.1s,200.486517,0.000236,-58.073824,0.000125,37.360388,0.000142,-32.258802,0.000120,3,145.55,0.08,-0.08,0,3,6.87,0.00,-0.00,0,3,-369.196,0.140,0,-268.510,0.147,0,456.512,0.143,0,4,-5.43,0.00,-0.00,0,1,,,,12.190,0.010,0,11.220,0.020,0,10.070,0.020,0,8.660,0.020,0,7.294,0.024,0,6.774,0.038,0,6.496,0.021,0,6.405,0.342,0,6.149,0.107,0,6.106,0.023,0,5.959,0.056,0,,,,,,,,,,,,,,,,,,,,,,,,,,,,,,,,,,11.220,0.020,0,V (Johnson),16,,,,1.660,0.010,0,,,,,,,0.520,0.045,0,0.278,0.043,0,0.798,0.032,0,,,,,,,,,,5,M3,,0,2,3337.00,150.00,-150.00,0,3,4.97,0.06,-0.07,0,1,-0.340,0.080,-0.080,0,1,[Fe/H],,,,0,1,0.28,0.02,-0.02,0,2,0.26,0.01,-0.01,0,2,17.3000,3.9000,-3.9000,0,1,,,,0,0,3.4000,,,1,1,,,,0,,,,0,27.830,,0,1,1,0,1,0,0,2,0,,HIP 14101,,LTT 1445 A b,LTT 1445 A,b,1,3,0,3,Transit,2019,Winters et al. 2019,2019-07,Transiting Exoplanet Survey Satellite (TESS),0.1 m TESS Telescope,TESS CCD Array,Space,Winters et al. 2019,1,0,0,1,0,0,0,0,0,0,http://exoplanet.eu/catalog/ltt_1445a_b/,,5.35882000,0.00030000,-0.00031000,0,1,0.038070,0.000680,-0.000710,0,1,89.400,0.410,-0.460,0,1,,,,0,0,0.190000,0.350000,-0.140000,0,1,-139.0000,120.0000,-76.0000,0,1,2.100,1.600,-2.000,0,1,,,,,,,,,,0,,,,0,0,0.00692,0.00535,-0.00661,0,2.20000,1.70000,-2.10000,0,1,0.00692,0.00535,-0.00661,0,2.20000,1.70000,-2.10000,0,1,Mass,0.123,0.012,-0.011,0,1.380,0.130,-0.120,0,0.013,0.001,-0.001,0,1,4.40000,4.00000,-4.20000,0,1,433,28,-27,0,1,,,,0,0,0.249800,0.016800,-0.016800,0,1,0.0574000,0.0011000,-0.0011000,0,1,2458423.426290,0.000440,-0.000450,0,1,BJD-TDB,0.2900,0.2300,-0.2000,0,1,,,,0,0,29.600000,2.600000,-2.500000,0,1,0.04580,0.00120,-0.00110,0,1,,,,,,,,27,17,2019-08-15,145.55,0.08,-0.08,0,6.87,0.00,-0.00,0,-369.196,0.140,0,-268.510,0.147,0,456.512,0.143,0,10.047,,0,5.54,0.101,-0.101,0
165.691500,,11.04610000,,11h02m45.96s,-16.406192,,-16d24m22.29s,268.566735,,39.106797,,173.545013,,-20.698070,,1,,,,,1,26.49,0.06,-0.06,0,2,-221.078,0.219,0,-58.999,0.138,0,228.815,0.215,0,1,14.10,0.30,-0.30,0,1,,,,,,,16.900,0.200,0,,,,,,,11.559,0.021,0,10.993,0.020,0,10.644,0.021,0,10.426,0.023,0,10.233,0.021,0,10.024,0.062,0,8.637,,-1,,,,,,,,,,,,,,,,,,,,,,,,,,,,,,,,,,16.900,0.200,0,V (Johnson),14,,,,,,,,,,,,,0.566,0.029,0,0.349,0.029,0,0.915,0.030,0,,,,,,,,,,3,M(6.1+/-0.7) V,,0,1,2960.00,55.00,-55.00,0,2,5.12,0.09,-0.09,0,1,-0.090,0.190,-0.190,0,1,[Fe/H],-2.697,0.088,-0.110,0,1,0.17,0.02,-0.02,0,1,0.14,0.01,-0.01,0,1,31.1000,5.6000,-9.1000,0,1,0.500,,,0,1,2.0000,,,1,1,,,,0,,,,0,,,,0,0,0,0,0,0,0,0,,,,LP 791-18 b,LP 791-18,b,2,1,0,3,Transit,2019,Crossfield et al. 2019,2019-09,Transiting Exoplanet Survey Satellite (TESS),0.1 m TESS Telescope,TESS CCD Array,Space,Crossfield et al. 2019,0,0,0,1,0,0,0,0,0,0,http://exoplanet.eu/catalog/lp_791-18_b/,,0.94800500,0.00000580,-0.00000580,0,1,0.009690,0.000320,-0.000350,0,1,87.300,2.000,-4.900,0,1,,,,0,0,0.000000,,,0,1,,,,0,0,,,,0,0,,,,,,,,,,0,,,,0,0,,,,0,,,,0,0,,,,0,,,,0,0,,0.100,0.012,-0.012,0,1.120,0.130,-0.130,0,0.010,0.001,-0.001,0,1,,,,0,0,650,120,-120,0,1,21.5000,5.4000,-4.6000,0,1,,,,0,0,0.0255000,0.0028333,-0.0032917,0,1,2458645.944050,0.000660,-0.000660,0,1,BJD-TDB,0.5400,0.3600,-0.3700,0,1,,,,0,0,11.000000,2.000000,-4.000000,0,1,0.06040,0.00280,-0.00280,0,1,,,,,,,,21,7,2019-11-07,37.72,0.09,-0.09,0,26.51,0.06,-0.06,0,-221.078,0.219,0,-58.999,0.138,0,228.815,0.215,0,15.072,,0,0.366,0.0127,-0.0127,0
165.691500,,11.04610000,,11h02m45.96s,-16.406192,,-16d24m22.29s,268.566735,,39.106797,,173.545013,,-20.698070,,1,,,,,1,26.49,0.06,-0.06,0,2,-221.078,0.219,0,-58.999,0.138,0,228.815,0.215,0,1,14.10,0.30,-0.30,0,1,,,,,,,16.900,0.200,0,,,,,,,11.559,0.021,0,10.993,0.020,0,10.644,0.021,0,10.426,0.023,0,10.233,0.021,0,10.024,0.062,0,8.637,,-1,,,,,,,,,,,,,,,,,,,,,,,,,,,,,,,,,,16.900,0.200,0,V (Johnson),14,,,,,,,,,,,,,0.566,0.029,0,0.349,0.029,0,0.915,0.030,0,,,,,,,,,,3,M(6.1+/-0.7) V,,0,1,2960.00,55.00,-55.00,0,2,5.12,0.09,-0.09,0,1,-0.090,0.190,-0.190,0,1,[Fe/H],-2.697,0.088,-0.110,0,1,0.17,0.02,-0.02,0,1,0.14,0.01,-0.01,0,1,31.1000,5.6000,-9.1000,0,1,0.500,,,0,1,2.0000,,,1,1,,,,0,,,,0,,,,0,0,0,0,0,0,0,0,,,,LP 791-18 c,LP 791-18,c,2,1,0,3,Transit,2019,Crossfield et al. 2019,2019-09,Transiting Exoplanet Survey Satellite (TESS),0.1 m TESS Telescope,TESS CCD Array,Space,Crossfield et al. 2019,0,0,0,1,0,0,0,0,0,0,http://exoplanet.eu/catalog/lp_791-18_c/,,4.98996300,0.00005000,-0.00005000,0,1,0.029392,0.000980,-0.001050,0,1,89.550,0.320,-0.500,0,1,,,,0,0,0.000000,,,0,1,,,,0,0,,,,0,0,,,,,,,,,,0,,,,0,0,,,,0,,,,0,0,,,,0,,,,0,0,,0.206,0.022,-0.022,0,2.310,0.250,-0.250,0,0.021,0.002,-0.002,0,1,,,,0,0,370,30,-30,0,1,2.3500,0.5900,-0.5100,0,1,,,,0,0,0.0503333,0.0023333,-0.0019167,0,1,2458651.298070,0.000410,-0.000410,0,1,BJD-TDB,0.2800,0.2400,-0.1900,0,1,,,,0,0,34.500000,2.000000,-3.700000,0,1,0.12380,0.00220,-0.00220,0,1,,,,,,,,21,7,2019-11-07,37.72,0.09,-0.09,0,26.51,0.06,-0.06,0,-221.078,0.219,0,-58.999,0.138,0,228.815,0.215,0,15.072,,0,1.11,0.038,-0.038,0
36.868240,0.000002,2.45788269,0.00000016,02h27m28.38s,-27.635206,0.000002,-27d38m06.7s,219.859826,0.000006,-68.708612,0.000002,23.158599,0.000004,-39.568190,0.000003,2,22.28,0.03,-0.03,0,3,44.87,0.07,-0.07,0,3,-73.590,0.057,0,-211.614,0.082,0,224.045,0.080,0,3,-3.80,0.00,-0.00,0,3,,,,9.954,0.027,0,9.088,0.018,0,,,,,,,7.553,0.019,0,7.215,0.034,0,7.044,0.018,0,6.918,0.054,0,7.048,0.020,0,7.015,0.017,0,6.916,0.072,0,,,,,,,,,,,,,,,,,,,,,,,,,,,,,,,,,,9.088,0.018,0,V (Johnson),13,,,,0.866,0.032,0,,,,,,,0.338,0.039,0,0.171,0.038,0,0.509,0.026,0,0.510,0.002,0,0.416,0.003,0,0.303,0.005,0,8,K1 V,,0,3,5125.00,50.00,-50.00,0,3,4.53,0.02,-0.02,0,2,0.150,0.100,-0.100,0,2,[Fe/H],,,,0,2,0.86,0.02,-0.02,0,3,0.90,0.03,-0.03,0,2,,,,0,0,5.100,0.800,-0.800,0,2,1.0000,1.0000,-1.0000,0,2,,,,0,,,,0,,,,0,1,0,1,0,0,0,0,HD 15337,HIP 11433,,HD 15337 b,HD 15337,b,2,1,0,3,Transit,2019,Gandolfi et al. 2019,2019-05,Transiting Exoplanet Survey Satellite (TESS),0.1 m TESS Telescope,TESS CCD Array,Space,Gandolfi et al. 2019,1,0,0,1,0,0,0,1,0,0,http://exoplanet.eu/catalog/toi-402_b/,,4.75615000,0.00017000,-0.00017000,0,2,0.052200,0.001200,-0.001200,0,2,88.500,0.600,-0.400,0,2,,,,0,0,0.090000,0.050000,-0.050000,0,2,62.0000,42.0000,-32.0000,0,1,3.080,0.440,-0.410,0,2,,,,,,,,,,0,,,,0,0,0.02363,0.00343,-0.00318,0,7.51000,1.09000,-1.01000,0,2,0.02363,0.00343,-0.00318,0,7.51000,1.09000,-1.01000,0,2,Mass,0.146,0.005,-0.005,0,1.640,0.060,-0.060,0,0.015,0.001,-0.001,0,2,9.30000,1.81000,-1.58000,0,2,1001,12,-12,0,2,,,,0,0,,,,0,1,0.1037500,0.0025000,-0.0025000,0,2,2458411.461560,0.000940,-0.001190,0,2,BJD-TDB,0.3300,0.0900,-0.1400,0,2,,,,0,0,13.110000,0.160000,-0.150000,0,2,0.01761,0.00055,-0.00058,0,2,,,,,,,,46,17,2019-05-16,22.28,0.03,-0.03,0,44.87,0.07,-0.07,0,-73.590,0.057,0,-211.614,0.082,0,224.045,0.080,0,8.856,,0,1.16,0.027,-0.027,0
36.868240,0.000002,2.45788269,0.00000016,02h27m28.38s,-27.635206,0.000002,-27d38m06.7s,219.859826,0.000006,-68.708612,0.000002,23.158599,0.000004,-39.568190,0.000003,2,22.28,0.03,-0.03,0,3,44.87,0.07,-0.07,0,3,-73.590,0.057,0,-211.614,0.082,0,224.045,0.080,0,3,-3.80,0.00,-0.00,0,3,,,,9.954,0.027,0,9.088,0.018,0,,,,,,,7.553,0.019,0,7.215,0.034,0,7.044,0.018,0,6.918,0.054,0,7.048,0.020,0,7.015,0.017,0,6.916,0.072,0,,,,,,,,,,,,,,,,,,,,,,,,,,,,,,,,,,9.088,0.018,0,V (Johnson),13,,,,0.866,0.032,0,,,,,,,0.338,0.039,0,0.171,0.038,0,0.509,0.026,0,0.510,0.002,0,0.416,0.003,0,0.303,0.005,0,8,K1 V,,0,3,5125.00,50.00,-50.00,0,3,4.53,0.02,-0.02,0,2,0.150,0.100,-0.100,0,2,[Fe/H],,,,0,2,0.86,0.02,-0.02,0,3,0.90,0.03,-0.03,0,2,,,,0,0,5.100,0.800,-0.800,0,2,1.0000,1.0000,-1.0000,0,2,,,,0,,,,0,,,,0,1,0,1,0,0,0,0,HD 15337,HIP 11433,,HD 15337 c,HD 15337,c,2,1,0,3,Transit,2019,Gandolfi et al. 2019,2019-05,Transiting Exoplanet Survey Satellite (TESS),0.1 m TESS Telescope,TESS CCD Array,Space,Gandolfi et al. 2019,1,0,0,1,0,0,0,1,0,0,http://exoplanet.eu/catalog/toi-402_c/,,17.17840000,0.00160000,-0.00160000,0,2,0.126800,0.003800,-0.003800,0,2,88.500,0.200,-0.100,0,2,,,,0,0,0.050000,0.060000,-0.040000,0,2,329.0000,69.0000,-64.0000,0,1,2.160,0.480,-0.450,0,2,,,,,,,,,,0,,,,0,0,0.02552,0.00573,-0.00532,0,8.11000,1.82000,-1.69000,0,2,0.02552,0.00573,-0.00532,0,8.11000,1.82000,-1.69000,0,2,Mass,0.213,0.011,-0.011,0,2.390,0.120,-0.120,0,0.022,0.001,-0.001,0,2,3.23000,0.90000,-0.72000,0,2,642,10,-10,0,2,,,,0,0,,,,0,1,0.0937500,0.0083333,-0.0045833,0,2,2458414.550100,0.001500,-0.001500,0,2,BJD-TDB,0.8700,0.0100,-0.0200,0,2,,,,0,0,31.870000,0.700000,-0.700000,0,2,0.02560,0.00110,-0.00110,0,2,,,,,,,,46,17,2019-05-16,22.28,0.03,-0.03,0,44.87,0.07,-0.07,0,-73.590,0.057,0,-211.614,0.082,0,224.045,0.080,0,8.856,,0,2.83,0.085,-0.085,0
84.291214,0.000001,5.61941427,0.00000007,05h37m09.89s,-80.469124,0.000001,-80d28m08.8s,292.513482,0.000002,-29.776203,0.000000,273.907651,0.000002,-76.013933,0.000001,4,54.71,0.07,-0.07,0,4,18.28,0.02,-0.02,0,4,311.200,0.100,0,1048.800,0.100,0,1094.000,0.100,0,4,10.73,0.15,-0.15,0,4,6.360,,0,6.250,,0,5.670,,0,,,,,,,4.869,0.272,0,4.424,0.226,0,4.241,0.027,0,4.269,0.329,0,3.972,0.160,0,4.199,0.020,0,4.219,0.020,0,,,,,,,,,,,,,4.281e+00,3.500e-02,0,3.823e+00,1.800e-01,0,,,,3.780e+00,4.300e-02,0,4.211e+00,1.530e-01,0,1.184e+00,,1,-9.160e-01,,1,5.670,,0,V (Johnson),31,0.110,,0,0.600,,0,,,,,,,0.445,0.354,0,0.183,0.228,0,0.628,0.273,0,0.375,0.002,0,0.190,0.001,0,0.355,0.000,0,15,G0 V,,0,5,6037.00,45.00,-45.00,0,10,4.42,0.03,-0.03,0,9,0.080,0.030,-0.030,0,10,[Fe/H],0.160,0.006,-0.006,0,5,1.10,0.02,-0.02,0,5,1.09,0.04,-0.04,0,9,1.1480,0.0650,-0.0650,0,1,2.980,1.400,-1.300,0,4,3.1400,0.5000,-0.5000,0,5,0.160,,0,1,-4.970,,0,1,27.450,,0,1,3,0,1,2,0,4,1,HD 39091,HIP 26394,,pi Men c,HD 39091,c,2,1,0,3,Transit,2018,Gandolfi et al. 2018,,Transiting Exoplanet Survey Satellite (TESS),0.1 m TESS Telescope,TESS CCD Array,Space,Huang et al. 2018,1,0,0,1,0,0,0,1,0,0,http://exoplanet.eu/catalog/pi_men_c/,,6.26790000,0.00046000,-0.00046000,0,2,0.068390,0.000500,-0.000500,0,2,87.456,0.085,-0.076,0,2,,,,0,0,0.000000,,,0,2,,,,0,0,1.580,0.260,-0.280,0,2,,,,,,,,,,0,,,,0,0,0.01517,0.00264,-0.00271,0,4.82000,0.84000,-0.86000,0,2,0.01517,0.00264,-0.00271,0,4.82000,0.84000,-0.86000,0,2,Mass,0.182,0.004,-0.004,0,2.042,0.050,-0.050,0,0.019,0.000,-0.000,0,2,2.97000,0.57000,-0.55000,0,2,1170,3,-4,0,2,309.0000,29.0000,-66.0000,0,1,0.030000,,,0,1,0.1230417,0.0019583,-0.0019583,0,2,2458325.504000,0.001200,-0.000740,0,2,BJD,0.5900,0.0180,-0.0200,0,2,,,,0,0,13.380000,0.260000,-0.260000,0,2,0.01703,0.00025,-0.00023,0,2,,,,,,,,83,42,2018-11-15,54.71,0.07,-0.07,0,18.28,0.02,-0.02,0,311.200,0.100,0,1048.800,0.100,0,1094.000,0.100,0,5.491,,0,3.74,0.028,-0.028,0
124.531750,,8.30211667,,08h18m07.62s,-68.313000,,-68d18m46.80s,281.815563,,-17.592800,,203.322827,,-76.813832,,1,,,,,1,10.62,0.00,-0.00,0,2,94.767,0.054,0,-340.470,0.052,0,353.412,0.052,0,1,-5.80,0.10,-0.10,0,1,,,,,,,,,,,,,,,,7.933,0.021,0,7.359,0.047,0,7.101,0.011,0,6.935,0.062,0,6.767,0.021,0,6.703,0.016,0,6.578,0.047,0,,,,,,,,,,,,,,,,,,,,,,,,,,,,,,,,,,,,,,8,,,,,,,,,,,,,0.574,0.051,0,0.258,0.048,0,0.832,0.024,0,,,,,,,,,,3,M3 V,,0,1,3367.00,150.00,-150.00,0,2,,,,0,0,-0.500,0.500,-0.500,0,1,[Fe/H],-1.947,0.022,-0.024,0,1,0.31,0.01,-0.01,0,1,0.31,0.01,-0.01,0,1,15.8000,2.6000,-2.7000,0,1,1.000,,,0,1,0.0000,1.9000,-1.9000,0,1,,,,0,,,,0,,,,0,0,0,0,0,0,0,0,,,,L 98-59 b,L 98-59,b,3,1,0,3,Transit,2019,Kostov et al. 2019,2019-05,Transiting Exoplanet Survey Satellite (TESS),0.1 m TESS Telescope,TESS CCD Array,Space,Kostov et al. 2019,0,0,0,1,0,0,0,0,0,0,http://exoplanet.eu/catalog/l_98-59_b/,,2.25314000,0.00002000,-0.00002000,0,1,0.023300,0.001700,-0.001700,0,1,88.700,0.800,-0.700,0,1,,,,0,0,0.100000,0.170000,-0.070000,0,1,17.2000,120.3000,-143.2000,0,1,,,,0,0,,,,,,,,,,0,,,,0,0,,,,,,,,,0,,,,0,,,,0,0,,0.071,0.004,-0.004,0,0.800,0.050,-0.050,0,0.007,0.000,-0.000,0,1,,,,0,0,,,,0,0,23.9000,5.3000,-4.4000,0,1,,,,0,0,0.0425000,0.0070833,-0.0054167,0,1,2458366.170100,0.000600,-0.000700,0,1,BJD,0.3600,0.1900,-0.2300,0,1,,,,0,0,16.200000,0.800000,-1.000000,0,1,0.02340,0.00090,-0.00080,0,1,,,,,,,,20,8,2019-06-13,94.14,0.03,-0.03,0,10.62,0.00,-0.00,0,94.767,0.054,0,-340.470,0.052,0,353.412,0.052,0,10.598,,0,2.19,0.16,-0.16,0
124.531750,,8.30211667,,08h18m07.62s,-68.313000,,-68d18m46.80s,281.815563,,-17.592800,,203.322827,,-76.813832,,1,,,,,1,10.62,0.00,-0.00,0,2,94.767,0.054,0,-340.470,0.052,0,353.412,0.052,0,1,-5.80,0.10,-0.10,0,1,,,,,,,,,,,,,,,,7.933,0.021,0,7.359,0.047,0,7.101,0.011,0,6.935,0.062,0,6.767,0.021,0,6.703,0.016,0,6.578,0.047,0,,,,,,,,,,,,,,,,,,,,,,,,,,,,,,,,,,,,,,8,,,,,,,,,,,,,0.574,0.051,0,0.258,0.048,0,0.832,0.024,0,,,,,,,,,,3,M3 V,,0,1,3367.00,150.00,-150.00,0,2,,,,0,0,-0.500,0.500,-0.500,0,1,[Fe/H],-1.947,0.022,-0.024,0,1,0.31,0.01,-0.01,0,1,0.31,0.01,-0.01,0,1,15.8000,2.6000,-2.7000,0,1,1.000,,,0,1,0.0000,1.9000,-1.9000,0,1,,,,0,,,,0,,,,0,0,0,0,0,0,0,0,,,,L 98-59 c,L 98-59,c,3,1,0,3,Transit,2019,Kostov et al. 2019,2019-05,Transiting Exoplanet Survey Satellite (TESS),0.1 m TESS Telescope,TESS CCD Array,Space,Kostov et al. 2019,0,0,0,1,0,0,0,0,0,0,http://exoplanet.eu/catalog/l_98-59_c/,,3.69062100,0.00001300,-0.00001400,0,1,0.032400,0.002300,-0.002400,0,1,89.300,0.400,-0.500,0,1,,,,0,0,0.090000,0.160000,-0.070000,0,1,-22.9000,149.0000,-120.3000,0,1,,,,0,0,,,,,,,,,,0,,,,0,0,,,,,,,,,0,,,,0,,,,0,0,,0.120,0.007,-0.006,0,1.350,0.080,-0.070,0,0.012,0.001,-0.001,0,1,,,,0,0,,,,0,0,12.4000,2.8000,-2.3000,0,1,,,,0,0,0.0516667,0.0050000,-0.0070833,0,1,2458367.275500,0.000400,-0.000300,0,1,BJD,0.2900,0.2000,-0.2000,0,1,,,,0,0,22.500000,1.100000,-1.400000,0,1,0.03960,0.00110,-0.00080,0,1,,,,,,,,20,8,2019-06-13,94.14,0.03,-0.03,0,10.62,0.00,-0.00,0,94.767,0.054,0,-340.470,0.052,0,353.412,0.052,0,10.598,,0,3.05,0.221,-0.221,0
124.531750,,8.30211667,,08h18m07.62s,-68.313000,,-68d18m46.80s,281.815563,,-17.592800,,203.322827,,-76.813832,,1,,,,,1,10.62,0.00,-0.00,0,2,94.767,0.054,0,-340.470,0.052,0,353.412,0.052,0,1,-5.80,0.10,-0.10,0,1,,,,,,,,,,,,,,,,7.933,0.021,0,7.359,0.047,0,7.101,0.011,0,6.935,0.062,0,6.767,0.021,0,6.703,0.016,0,6.578,0.047,0,,,,,,,,,,,,,,,,,,,,,,,,,,,,,,,,,,,,,,8,,,,,,,,,,,,,0.574,0.051,0,0.258,0.048,0,0.832,0.024,0,,,,,,,,,,3,M3 V,,0,1,3367.00,150.00,-150.00,0,2,,,,0,0,-0.500,0.500,-0.500,0,1,[Fe/H],-1.947,0.022,-0.024,0,1,0.31,0.01,-0.01,0,1,0.31,0.01,-0.01,0,1,15.8000,2.6000,-2.7000,0,1,1.000,,,0,1,0.0000,1.9000,-1.9000,0,1,,,,0,,,,0,,,,0,0,0,0,0,0,0,0,,,,L 98-59 d,L 98-59,d,3,1,0,3,Transit,2019,Kostov et al. 2019,2019-05,Transiting Exoplanet Survey Satellite (TESS),0.1 m TESS Telescope,TESS CCD Array,Space,Kostov et al. 2019,0,0,0,1,0,0,0,0,0,0,http://exoplanet.eu/catalog/l_98-59_d/,,7.45086000,0.00004000,-0.00005000,0,1,0.052000,0.004000,-0.004000,0,1,88.500,0.200,-0.500,0,1,,,,0,0,0.200000,0.320000,-0.160000,0,1,40.1000,91.7000,-149.0000,0,1,,,,0,0,,,,,,,,,,0,,,,0,0,,,,,,,,,0,,,,0,,,,0,0,,0.140,0.012,-0.012,0,1.570,0.140,-0.140,0,0.014,0.001,-0.001,0,1,,,,0,0,,,,0,0,4.8500,1.0800,-0.8900,0,1,,,,0,0,0.0379167,0.0320833,-0.0070833,0,1,2458362.737500,0.000700,-0.000800,0,1,BJD,0.8900,0.0400,-0.1400,0,1,,,,0,0,37.400000,1.100000,-1.200000,0,1,0.04620,0.00300,-0.00360,0,1,,,,,,,,20,8,2019-06-13,94.14,0.03,-0.03,0,10.62,0.00,-0.00,0,94.767,0.054,0,-340.470,0.052,0,353.412,0.052,0,10.598,,0,4.89,0.377,-0.377,0
7.328958,,0.48859722,,00h29m18.95s,-76.304061,,-76d18m14.62s,304.657955,,-40.749891,,303.208046,,-64.609798,,1,,,,,1,197.98,0.85,-0.70,0,2,-2.970,0.037,0,6.961,0.031,0,7.568,0.032,0,1,3.64,0.45,-0.45,0,1,,,,,,,,,,,,,,,,8.825,0.019,0,8.651,0.049,0,8.595,0.017,0,8.552,0.023,0,8.575,0.021,0,8.536,0.023,0,8.261,0.192,0,,,,,,,,,,,,,,,,,,,,,,,,,,,,,,,,,,,,,,10,,,,,,,,,,,,,0.174,0.053,0,0.056,0.052,0,0.230,0.025,0,,,,,,,,,,3,,,,0,6801.00,76.00,-76.00,0,2,4.21,0.03,-0.03,0,1,0.020,0.060,-0.060,0,1,[Fe/H],0.668,0.038,-0.041,0,2,1.56,0.05,-0.05,0,2,1.43,0.05,-0.04,0,1,,,,0,0,1.310,0.340,-0.470,0,1,15.4000,0.2000,-0.2000,0,1,,,,0,,,,0,,,,0,0,0,0,0,0,0,0,HD 2685,,,HD 2685 b,HD 2685,b,1,1,0,3,Transit,2019,Jones et al. 2019,2019-05,Transiting Exoplanet Survey Satellite (TESS),0.1 m TESS Telescope,TESS CCD Array,Space,Jones et al. 2019,1,0,0,1,0,0,0,0,0,0,http://exoplanet.eu/catalog/hd_2685_b/,,4.12688000,0.00005000,-0.00004000,0,1,0.056800,0.000600,-0.000600,0,1,89.252,0.415,-0.444,0,1,,,,0,0,0.091000,0.039000,-0.047000,0,1,184.3600,6.2700,-6.5600,0,1,117.400,12.000,-12.000,0,1,,,,,,,,,,0,,,,0,0,1.17000,0.12000,-0.12000,0,371.86110,38.13960,-38.13960,0,1,1.17000,0.12000,-0.12000,0,371.86110,38.13960,-38.13960,0,1,Mass,1.440,0.050,-0.050,0,16.141,0.560,-0.560,0,0.148,0.005,-0.005,0,1,,,,0,0,2061,28,-28,0,1,,,,0,0,,,,0,0,,,,0,0,2458325.782970,0.000200,-0.000200,0,1,BJD,,,,0,0,,,,0,0,7.697400,0.068900,-0.054100,0,1,0.09467,0.00033,-0.00028,0,1,,,,,,,,22,10,2019-10-24,5.05,0.02,-0.02,0,197.98,0.78,-0.78,0,-2.970,0.037,0,6.961,0.031,0,7.568,0.032,0,9.520,,0,0.287,0.0032,-0.0032,0
144.006821,0.000004,9.60045471,0.00000024,09h36m01.64s,-21.660797,0.000003,-21d39m38.9s,253.884689,0.000005,22.083029,0.000005,154.771768,0.000005,-33.773717,0.000004,4,105.88,0.06,-0.06,0,3,9.44,0.01,-0.01,0,3,138.694,0.100,0,-990.311,0.083,0,999.976,0.084,0,5,-34.60,,,0,1,13.570,0.046,0,12.520,0.020,0,10.920,0.030,0,9.860,0.007,0,8.560,0.008,0,7.337,0.034,0,6.740,0.033,0,6.475,0.017,0,,,,,,,,,,,,,,,,,,,,,,,,,,,,,,,,,,,,,,,,,,,,,,10.920,0.030,0,V (Johnson),21,1.100,0.046,0,1.560,0.020,0,2.350,0.008,0,,,,0.597,0.047,0,0.265,0.037,0,0.862,0.038,0,,,,,,,,,,9,M2.5 V,,0,4,3505.00,51.00,-51.00,0,3,4.94,0.07,-0.07,0,1,-0.120,0.160,-0.160,0,1,[Fe/H],-1.798,0.010,-0.010,0,2,0.34,0.01,-0.01,0,2,0.34,0.01,-0.01,0,2,13.6000,1.4000,-1.6000,0,1,,,,0,0,2.0000,,,1,1,0.425,0.055,0,1,,,,0,,,,0,1,0,1,0,0,2,1,,HIP 47103,,GJ 357 b,GJ 357,b,3,1,0,3,Transit,2019,Luque et al. 2019,,Transiting Exoplanet Survey Satellite (TESS),0.1 m TESS Telescope,TESS CCD Array,Space,Luque et al. 2019,1,0,0,1,0,0,0,0,0,0,http://exoplanet.eu/catalog/gj_357_b/,,3.93072000,0.00008000,-0.00006000,0,1,0.035000,0.002000,-0.002000,0,1,89.120,0.370,-0.310,0,1,,,,0,0,,,,0,0,,,,0,0,1.520,0.250,-0.250,0,1,,,,,,,,,,0,,,,0,0,0.00579,0.00098,-0.00098,0,1.84000,0.31000,-0.31000,0,1,0.00579,0.00098,-0.00098,0,1.84000,0.31000,-0.31000,0,1,Mass,0.109,0.007,-0.007,0,1.217,0.084,-0.083,0,0.011,0.001,-0.001,0,1,5.60000,1.70000,-1.30000,0,1,525,11,-9,0,1,12.6000,1.1000,-0.8000,0,1,,,,0,0,0.0637500,0.0050000,-0.0045833,0,1,2458517.998620,0.000390,-0.000380,0,1,BJD,0.3400,0.1000,-0.1400,0,1,,,,0,0,22.310000,0.760000,-0.900000,0,1,0.03310,0.00090,-0.00090,0,1,,,,,,,,26,19,2019-08-15,105.88,0.06,-0.06,0,9.44,0.01,-0.01,0,138.694,0.100,0,-990.311,0.083,0,999.976,0.084,0,9.880,,0,3.71,0.212,-0.212,0
73.980208,,4.93201389,,04h55m55.25s,-63.260056,,-63d15m36.2s,273.409147,,-36.914181,,18.499021,,-82.476333,,1,,,,,1,178.84,0.89,-0.88,0,2,-22.699,0.045,0,-56.352,0.054,0,60.752,0.053,0,1,36.30,0.95,-0.95,0,1,,,,,,,12.324,0.069,0,,,,,,,10.759,0.019,0,10.332,0.025,0,10.218,0.019,0,10.168,0.023,0,10.242,0.020,0,10.118,0.040,0,9.075,,-1,,,,,,,,,,,,,,,,,,,,,,,,,,,,,,,,,,12.324,0.069,0,V (Johnson),9,,,,,,,,,,,,,0.427,0.031,0,0.114,0.031,0,0.541,0.027,0,,,,,,,,,,3,,,,0,5026.00,125.00,-125.00,0,2,4.66,0.20,-0.20,0,1,0.320,0.100,-0.100,0,1,[M/H],,,,0,1,0.84,0.04,-0.03,0,2,0.87,0.04,-0.03,0,1,2.3800,0.1000,-0.1400,0,1,,,,0,0,,,,,0,,,,0,,,,0,,,,0,0,0,0,0,0,0,0,,,,TOI-216.02,TOI-216,b,2,1,0,3,Transit,2019,Kipping et al. 2019,2019-04,Transiting Exoplanet Survey Satellite (TESS),0.1 m TESS Telescope,TESS CCD Array,Space,Kipping et al. 2019,0,0,0,1,1,0,0,0,0,0,http://exoplanet.eu/catalog/toi-216_b/,,17.08900000,0.01100000,-0.01500000,0,1,0.129300,0.006700,-0.005100,0,1,88.364,0.042,-0.068,0,1,,,,0,0,0.132000,0.059000,-0.023000,0,1,193.0000,20.0000,-35.0000,0,1,,,,0,0,,,,,,,,,,0,,,,0,0,0.09439,0.06293,-0.04405,0,30.00000,20.00000,-14.00000,0,1,0.09439,0.06293,-0.04405,0,30.00000,20.00000,-14.00000,0,1,Mass,0.686,0.145,-0.074,0,7.690,1.620,-0.830,0,0.070,0.015,-0.008,0,1,0.34000,0.31000,-0.18000,0,1,628,13,-11,0,1,25.9000,2.2000,-1.7000,0,1,,,,0,0,0.0859167,0.0028333,-0.0029167,0,1,2458325.327000,0.002600,-0.002600,0,1,BJD-UTC,0.9480,0.0270,-0.0170,0,1,,,,0,0,33.250000,0.460000,-0.650000,0,1,0.08330,0.01680,-0.00820,0,1,,,,,,,,24,6,2019-05-09,5.59,0.03,-0.03,0,178.86,0.88,-0.88,0,-22.699,0.045,0,-56.352,0.054,0,60.752,0.053,0,12.163,,0,0.723,0.0332,-0.0332,0
73.980208,,4.93201389,,04h55m55.25s,-63.260056,,-63d15m36.2s,273.409147,,-36.914181,,18.499021,,-82.476333,,1,,,,,1,178.84,0.89,-0.88,0,2,-22.699,0.045,0,-56.352,0.054,0,60.752,0.053,0,1,36.30,0.95,-0.95,0,1,,,,,,,12.324,0.069,0,,,,,,,10.759,0.019,0,10.332,0.025,0,10.218,0.019,0,10.168,0.023,0,10.242,0.020,0,10.118,0.040,0,9.075,,-1,,,,,,,,,,,,,,,,,,,,,,,,,,,,,,,,,,12.324,0.069,0,V (Johnson),9,,,,,,,,,,,,,0.427,0.031,0,0.114,0.031,0,0.541,0.027,0,,,,,,,,,,3,,,,0,5026.00,125.00,-125.00,0,2,4.66,0.20,-0.20,0,1,0.320,0.100,-0.100,0,1,[M/H],,,,0,1,0.84,0.04,-0.03,0,2,0.87,0.04,-0.03,0,1,2.3800,0.1000,-0.1400,0,1,,,,0,0,,,,,0,,,,0,,,,0,,,,0,0,0,0,0,0,0,0,,,,TOI-216.01,TOI-216,c,2,1,0,3,Transit,2019,Kipping et al. 2019,2019-04,Transiting Exoplanet Survey Satellite (TESS),0.1 m TESS Telescope,TESS CCD Array,Space,Kipping et al. 2019,0,0,0,1,1,0,0,0,0,0,http://exoplanet.eu/catalog/toi-216_c/,,34.55600000,0.01400000,-0.01000000,0,1,0.206900,0.010700,-0.008200,0,1,89.830,0.110,-0.120,0,1,,,,0,0,0.029000,0.037000,-0.020000,0,1,275.0000,55.0000,-113.0000,0,1,,,,0,0,,,,,,,,,,0,,,,0,0,0.62927,0.53488,-0.31463,0,200.00000,170.00000,-100.00000,0,1,0.62927,0.53488,-0.31463,0,200.00000,170.00000,-100.00000,0,1,Mass,1.007,0.052,-0.037,0,11.290,0.580,-0.420,0,0.103,0.005,-0.004,0,1,0.76000,0.66000,-0.38000,0,1,497,10,-8,0,1,10.1000,0.8500,-0.6600,0,1,,,,0,0,0.2297500,0.0021667,-0.0019583,0,1,2458331.285310,0.000680,-0.000670,0,1,BJD-UTC,0.1500,0.1100,-0.1000,0,1,,,,0,0,53.180000,0.740000,-1.040000,0,1,0.12350,0.00140,-0.00140,0,1,,,,,,,,24,6,2019-05-09,5.59,0.03,-0.03,0,178.86,0.88,-0.88,0,-22.699,0.045,0,-56.352,0.054,0,60.752,0.053,0,12.163,,0,1.16,0.053,-0.053,0
349.556792,,23.30378611,,23h18m13.630s,-56.903786,,-56d54m13.630s,325.611103,,-55.928061,,321.703214,,-46.823913,,1,10.59,0.03,-0.03,0,1,94.43,0.25,-0.25,0,1,313.918,0.039,0,-20.177,0.043,0,314.566,0.039,0,1,-20.10,0.00,-0.00,0,2,,,,,,,,,,,,,,,,8.557,0.011,0,8.254,0.039,0,8.158,0.029,0,8.080,0.023,0,8.138,0.020,0,8.100,0.021,0,8.250,0.288,0,,,,,,,,,,,,,,,,,,,,,,,,,,,,,,,,,,,,,,10,,,,,,,,,,,,,0.303,0.041,0,0.096,0.049,0,0.399,0.031,0,,,,,,,,,,3,,,,0,5527.00,65.00,-65.00,0,2,4.40,0.11,-0.11,0,1,0.040,0.040,-0.040,0,1,[Fe/H],,,,0,1,1.03,0.03,-0.03,0,2,0.92,0.03,-0.03,0,1,,,,0,0,10.000,2.000,-2.000,0,1,2.2000,0.8000,-0.8000,0,1,,,,0,,,,0,,,,0,0,0,0,0,0,0,0,HD 219666,,,HD 219666 b,HD 219666,b,1,1,0,3,Transit,2018,Esposito et al. 2018,,Transiting Exoplanet Survey Satellite (TESS),0.1 m TESS Telescope,TESS CCD Array,Space,Esposito et al. 2018,1,0,0,1,0,0,0,0,0,0,http://exoplanet.eu/catalog/hd_219666_b/,,6.03607000,0.00064000,-0.00063000,0,1,0.063560,0.002650,-0.002650,0,1,86.380,0.150,-0.150,0,1,,,,0,0,0.000000,,,0,1,,,,0,0,6.170,0.460,-0.460,0,1,,,,,,,,,,0,,,,0,0,0.05223,0.00409,-0.00409,0,16.60000,1.30000,-1.30000,0,1,0.05223,0.00409,-0.00409,0,16.60000,1.30000,-1.30000,0,1,Mass,0.420,0.015,-0.015,0,4.710,0.170,-0.170,0,0.043,0.002,-0.002,0,1,0.87000,0.12000,-0.11000,0,1,1073,20,-20,0,1,,,,0,0,,,,0,0,0.0899167,0.0014167,-0.0014167,0,1,2458329.199600,0.001200,-0.001200,0,1,BJD-TDB,0.8380,0.0120,-0.0130,0,1,,,,0,0,13.270000,0.390000,-0.390000,0,1,0.04192,0.00083,-0.00083,0,1,,,,,,,,23,10,2019-03-05,10.59,0.03,-0.03,0,94.43,0.25,-0.25,0,313.918,0.039,0,-20.177,0.043,0,314.566,0.039,0,9.650,,0,0.673,0.0281,-0.0281,0
4.446472,0.000001,0.29643145,0.00000010,00h17m47.15s,-66.358910,0.000002,-66d21m32.1s,308.215487,0.000001,-50.422610,0.000002,319.966473,0.000003,-58.522936,0.000001,2,12.54,0.03,-0.03,0,2,79.75,0.17,-0.17,0,2,64.763,0.049,0,-5.056,0.041,0,64.960,0.049,0,3,30.75,0.14,-0.14,0,1,,,,8.559,0.017,0,7.781,0.011,0,,,,,,,6.442,0.020,0,6.090,0.049,0,5.988,0.018,0,6.018,0.096,0,5.898,0.043,0,5.988,0.016,0,5.921,0.049,0,,,,,,,,,,,,,,,,,,,,,,,,,,,,,,,,,,7.781,0.011,0,V (Johnson),13,,,,0.778,0.020,0,,,,,,,0.352,0.053,0,0.102,0.052,0,0.454,0.027,0,,,,,,,,,,5,G5 III/IV,,0,2,5521.00,60.00,-60.00,0,3,3.82,0.02,-0.02,0,2,0.290,0.090,-0.090,0,2,[Fe/H],0.660,0.014,-0.015,0,3,2.34,0.05,-0.06,0,3,1.32,0.04,-0.05,0,2,0.1470,0.0100,-0.0100,0,2,4.510,0.500,-0.500,0,2,2.0000,,,1,2,,,,0,,,,0,,,,0,1,0,1,0,0,0,0,HD 1397,HIP 1419,,HD 1397 b,HD 1397,b,1,1,0,3,Transit,2018,Nielsen et al. 2019,,Transiting Exoplanet Survey Satellite (TESS),0.1 m TESS Telescope,TESS CCD Array,Space,Nielsen et al. 2019,1,0,0,1,0,0,0,1,0,0,http://exoplanet.eu/catalog/hd_1397_b/,,11.53533000,0.00079000,-0.00080000,0,2,0.109700,0.001100,-0.001300,0,2,88.990,0.670,-0.730,0,2,,,,0,0,0.251000,0.020000,-0.019000,0,2,2.1000,6.1000,-7.0000,0,2,32.000,1.400,-1.400,0,2,,,,,,,,,,0,,,,0,0,0.41500,0.02000,-0.02000,0,131.89945,6.35660,-6.35660,0,2,0.41500,0.02000,-0.02000,0,131.89945,6.35660,-6.35660,0,2,Mass,1.026,0.025,-0.027,0,11.500,0.280,-0.303,0,0.105,0.003,-0.003,0,2,0.47700,0.04300,-0.03800,0,1,1228,10,-10,0,2,356.0000,12.0000,-12.0000,0,1,0.203700,0.002700,-0.002300,0,1,0.3584000,0.0014000,-0.0013000,0,1,2458332.082610,0.000600,-0.000600,0,2,BJD-TDB,0.1700,0.1200,-0.1100,0,2,,,,0,0,10.100000,0.240000,-0.220000,0,2,0.04513,0.00030,-0.00025,0,2,,,,,,,,49,15,2019-07-25,12.54,0.03,-0.03,0,79.75,0.17,-0.17,0,64.763,0.049,0,-5.056,0.041,0,64.960,0.049,0,7.593,,0,1.38,0.015,-0.015,0
306.925235,0.000017,20.46168231,0.00000111,20h27m42.06s,-56.456990,0.000017,-56d27m25.2s,341.223822,0.000021,-35.491790,0.000010,294.253458,0.000017,-36.085007,0.000019,2,49.06,0.05,-0.05,0,1,20.38,0.02,-0.02,0,1,424.414,0.073,0,-1230.623,0.073,0,1301.752,0.073,0,2,7.48,0.00,-0.00,0,2,,,,13.655,0.029,0,12.193,0.056,0,,,,,,,8.697,0.019,0,8.161,0.034,0,7.915,0.022,0,,,,,,,,,,,,,,,,,,,,,,,,,,,,,,,,,,,,,,,,,,,,,,12.193,0.056,0,V (Johnson),6,,,,,,,,,,,,,0.536,0.039,0,0.246,0.040,0,0.782,0.029,0,,,,,,,,,,3,M3,,0,2,3458.00,140.00,-133.00,0,2,,,,0,0,0.100,0.100,-0.100,0,1,[Fe/H],-1.708,0.054,-0.054,0,1,0.39,0.02,-0.02,0,1,0.38,0.02,-0.02,0,1,,,,0,0,,,,0,0,,,,,0,,,,0,,,,0,,,,0,0,0,0,0,0,0,0,,,,GJ 1252 b,GJ 1252,b,1,1,0,3,Transit,2020,Shporer et al. 2019,2020-01,Transiting Exoplanet Survey Satellite (TESS),0.1 m TESS Telescope,TESS CCD Array,Space,Shporer et al. 2019,1,0,0,1,0,0,0,0,0,0,http://exoplanet.eu/catalog/gj_1252_b/,,0.51823490,0.00000630,-0.00000500,0,1,0.009160,0.000760,-0.000760,0,1,85.000,2.100,-1.800,0,1,,,,0,0,0.000000,,,0,1,,,,0,0,3.170,0.850,-0.850,0,1,,,,,,,,,,0,,,,0,0,0.00658,0.00176,-0.00176,0,2.09000,0.56000,-0.56000,0,1,0.00658,0.00176,-0.00176,0,2.09000,0.56000,-0.56000,0,1,Mass,0.106,0.007,-0.007,0,1.193,0.074,-0.074,0,0.011,0.001,-0.001,0,1,,,,0,0,1089,69,-69,0,1,,,,0,0,,,,0,0,0.0305833,0.0007500,-0.0005833,0,1,2458668.097390,0.000320,-0.000290,0,1,BJD,0.4400,0.1200,-0.1700,0,1,,,,0,0,,,,0,0,0.02802,0.00090,-0.00097,0,1,,,,,,,,18,10,2020-02-13,49.06,0.05,-0.05,0,20.38,0.02,-0.02,0,424.414,0.073,0,-1230.623,0.073,0,1301.752,0.073,0,11.236,,0,0.449,0.0373,-0.0373,0
350.031372,0.000006,23.33542480,0.00000042,23h20m07.53s,-60.065182,0.000006,-60d03m54.7s,321.954505,0.000010,-53.560304,0.000007,319.217904,0.000010,-49.527943,0.000007,3,39.73,0.04,-0.04,0,3,25.17,0.02,-0.02,0,3,-319.961,0.102,0,-127.781,0.115,0,344.533,0.104,0,4,,,,,0,13.700,0.024,0,12.490,0.013,0,11.014,0.011,0,10.070,0.012,0,9.060,0.015,0,7.941,0.019,0,7.320,0.053,0,7.082,0.031,0,6.928,0.060,0,6.984,0.020,0,6.906,0.016,0,6.897,0.074,0,,,,,,,,,,,,,,,,,,,,,,,,,,,,,,,,,,11.014,0.011,0,V (Johnson),23,1.213,0.021,0,1.474,0.006,0,1.952,0.010,0,,,,0.621,0.056,0,0.238,0.061,0,0.859,0.036,0,,,,,,,,,,9,M1 V,,0,3,3800.00,70.00,-70.00,0,3,4.04,0.49,-0.49,0,1,0.040,0.170,-0.170,0,1,[Fe/H],-1.172,0.015,-0.016,0,3,0.60,0.02,-0.02,0,3,0.62,0.03,-0.03,0,2,,,,0,0,,,,0,0,,,,,0,,,,0,,,,0,,,,0,1,0,1,0,0,1,0,,HIP 115211,,L 168-9 b,L 168-9,b,1,1,0,3,Transit,2020,Astudillo-Defru et al. 2020,2020-01,Transiting Exoplanet Survey Satellite (TESS),0.1 m TESS Telescope,TESS CCD Array,Space,Astudillo-Defru et al. 2020,1,0,0,1,0,0,0,0,0,0,http://exoplanet.eu/catalog/l_168-9_b/,,1.40150000,0.00018000,-0.00018000,0,1,0.020910,0.000240,-0.000240,0,1,85.500,0.800,-0.700,0,1,,,,0,0,0.210000,,,1,1,,,,0,0,3.660,0.470,-0.460,0,1,,,,,,,,,,0,,,,0,0,0.01447,0.00176,-0.00176,0,4.60000,0.56000,-0.56000,0,1,0.01447,0.00176,-0.00176,0,4.60000,0.56000,-0.56000,0,1,Mass,0.124,0.008,-0.008,0,1.390,0.090,-0.090,0,0.013,0.001,-0.001,0,1,9.60000,2.40000,-1.80000,0,1,965,20,-20,0,1,,,,0,0,,,,0,0,,,,0,0,2458340.047810,0.000880,-0.001220,0,1,BJD,,,,0,0,,,,0,0,7.610000,0.310000,-0.310000,0,1,0.02120,0.00100,-0.00100,0,1,,,,,,,,25,17,2020-02-13,39.73,0.04,-0.04,0,25.17,0.02,-0.02,0,-319.961,0.102,0,-127.781,0.115,0,344.533,0.104,0,10.232,,0,0.831,0.0096,-0.0096,0
23.594729,,1.57298194,,01h34m22.735s,-66.675819,,-66d40m32.95s,296.357077,,-49.900567,,328.784939,,-64.896623,,1,8.97,0.10,-0.10,0,2,111.40,1.30,-1.20,0,2,-119.800,0.066,0,-122.953,0.080,0,171.667,0.074,0,1,11.06,0.01,-0.01,0,2,,,,11.701,0.025,0,10.892,0.016,0,,,,,,,9.466,0.017,0,9.112,0.024,0,8.995,0.019,0,8.945,0.023,0,9.006,0.019,0,8.944,0.026,0,8.613,0.262,0,,,,,,,,,,,,,,,,,,,,,,,,,,,,,,,,,,10.892,0.016,0,V (Johnson),15,,,,,,,,,,,,,0.354,0.029,0,0.117,0.031,0,0.471,0.025,0,,,,,,,,,,3,K0 V,,0,2,5320.00,39.00,-39.00,0,3,4.52,0.02,-0.02,0,2,-0.020,0.030,-0.030,0,2,[Fe/H],-0.285,0.013,-0.014,0,3,0.85,0.01,-0.01,0,3,0.86,0.04,-0.04,0,2,1.9900,0.1300,-0.1100,0,2,6.800,4.400,-4.100,0,2,1.0000,0.5000,-0.5000,1,2,,,,0,,,,0,,,,0,0,0,0,0,0,0,0,,,,TOI-125 d,TOI-125,d,3,1,0,3,Transit,2020,Nielsen et al. 2020,2020-01,Transiting Exoplanet Survey Satellite (TESS),0.1 m TESS Telescope,TESS CCD Array,Space,Nielsen et al. 2020,1,0,0,1,0,0,0,0,0,0,http://exoplanet.eu/catalog/toi-125_d/,,19.98000000,0.00500000,-0.00560000,0,1,0.137000,0.002200,-0.002200,0,1,88.795,0.180,-0.100,0,1,,,,0,0,0.168000,0.088000,-0.062000,0,1,46.0000,23.0000,-44.0000,0,1,3.610,0.310,-0.310,0,1,,,,,,,,,,0,,,,0,0,0.04279,0.00378,-0.00378,0,13.60000,1.20000,-1.20000,0,1,0.04279,0.00378,-0.00378,0,13.60000,1.20000,-1.20000,0,1,Mass,0.261,0.015,-0.015,0,2.930,0.170,-0.170,0,0.027,0.002,-0.002,0,1,2.98000,0.65000,-0.52000,0,1,638,7,-7,0,1,26.7000,1.4000,-1.4000,0,1,0.100000,0.012000,-0.011000,0,1,0.1297000,0.0070000,-0.0057000,0,1,2458342.851600,0.003900,-0.003900,0,1,BJD-TDB,0.6520,0.0930,-0.1600,0,1,,,,0,0,34.770000,0.700000,-0.700000,0,1,0.03170,0.00180,-0.00180,0,1,,,,,,,,36,8,2020-02-13,8.98,0.04,-0.04,0,111.41,0.44,-0.44,0,-119.800,0.066,0,-122.953,0.080,0,171.667,0.074,0,10.718,,0,1.23,0.024,-0.024,0
340.492104,0.000019,22.69947360,0.00000130,22h41m58.10s,-69.168986,0.000017,-69d10m08.4s,318.253742,0.000023,-43.907464,0.000017,304.887015,0.000027,-54.122553,0.000017,2,,,,,1,14.90,0.01,-0.01,0,2,334.357,0.083,0,-726.974,0.086,0,800.179,0.086,0,2,,,,,0,,,,,,,15.260,0.030,0,13.740,0.020,0,11.880,0.020,0,10.046,0.023,0,9.477,0.023,0,9.145,0.023,0,8.944,0.023,0,8.757,0.020,0,8.519,0.022,0,8.658,0.334,0,,,,,,,,,,,,,,,,,,,,,,,,,,,,,,,,,,15.260,0.030,0,V (Johnson),11,,,,,,,,,,,,,0.569,0.033,0,0.332,0.033,0,0.901,0.033,0,,,,,,,,,,3,M5,,0,1,3036.00,77.00,-77.00,0,2,5.06,0.01,-0.01,0,1,,,,0,0,,-2.565,0.060,-0.069,0,1,0.19,0.01,-0.01,0,1,0.15,0.01,-0.01,0,1,31.7300,0.3900,-0.3900,0,1,,,,0,0,,,,,0,,,,0,,,,0,,,,0,0,0,0,0,0,0,0,,,,LHS 3844 b,LHS 3844,b,1,1,0,3,Transit,2019,Vanderspek et al. 2018,,Transiting Exoplanet Survey Satellite (TESS),0.1 m TESS Telescope,TESS CCD Array,Space,Vanderspek et al. 2018,0,0,0,1,0,0,0,0,0,0,http://exoplanet.eu/catalog/lhs_3844_b/,,0.46292913,0.00000190,-0.00000190,0,1,0.006220,0.000170,-0.000170,0,1,88.500,0.510,-0.510,0,1,,,,0,0,,,,0,0,,,,0,0,,,,0,0,,,,,,,,,,0,,,,0,0,,,,0,,,,0,0,,,,0,,,,0,0,,0.116,0.002,-0.002,0,1.303,0.022,-0.022,0,0.012,0.000,-0.000,0,1,,,,0,0,805,20,-20,0,1,70.1000,0.5000,-0.5000,0,1,,,,0,0,0.0217167,0.0001958,-0.0001958,0,1,2458325.725580,0.000250,-0.000250,0,1,BJD,0.1860,0.0640,-0.0640,0,1,,,,0,0,7.109000,0.029000,-0.029000,0,1,0.06350,0.00090,-0.00090,0,1,,,,,,,,18,7,2019-01-24,67.15,0.05,-0.05,0,14.89,0.01,-0.01,0,334.357,0.083,0,-726.974,0.086,0,800.179,0.086,0,13.393,,0,0.417,0.0114,-0.0114,0
353.033630,0.000004,23.53557536,0.00000024,23h32m08.07s,-21.801424,0.000003,-21d48m05.1s,45.072348,0.000011,-71.209511,0.000004,344.762316,0.000004,-17.214516,0.000004,2,10.52,0.08,-0.08,0,3,95.08,0.72,-0.72,0,3,-96.775,0.101,0,51.240,0.091,0,109.503,0.099,0,3,25.29,0.17,-0.17,0,1,,,,9.028,0.020,0,8.146,0.014,0,,,,,,,6.568,0.020,0,6.149,0.045,0,6.043,0.022,0,6.017,0.105,0,5.938,0.041,0,6.020,0.016,0,5.922,0.049,0,,,,,,,,,,,,,,,,,,,,,,,,,,,,,,,,,,8.146,0.014,0,V (Johnson),13,,,,0.882,0.024,0,,,,,,,0.419,0.049,0,0.106,0.050,0,0.525,0.030,0,0.551,0.003,0,0.292,0.004,0,0.412,0.006,0,8,K0 IV/V,,0,2,5080.00,90.00,-90.00,0,2,3.58,0.01,-0.01,0,1,-0.080,0.080,-0.080,0,1,[Fe/H],0.712,0.014,-0.015,0,2,2.94,0.06,-0.06,0,2,1.21,0.07,-0.07,0,1,0.0670,0.0005,-0.0005,0,1,4.900,1.100,-1.100,0,1,2.8000,1.6000,-1.6000,0,1,,,,0,,,,0,,,,0,1,0,1,0,0,0,0,HD 221416,HIP 116158,,HD 221416 b,HD 221416,b,1,1,0,3,Transit,2019,Huber et al. 2019,,Transiting Exoplanet Survey Satellite (TESS),0.1 m TESS Telescope,TESS CCD Array,Space,Huber et al. 2019,1,0,0,1,0,0,0,0,0,0,,,14.27670000,0.00370000,-0.00370000,0,1,0.122800,0.002500,-0.002600,0,1,85.750,0.360,-0.350,0,1,,,,0,0,0.115000,0.034000,-0.030000,0,1,-106.0000,34.7000,-31.1000,0,1,14.100,1.200,-1.200,0,1,,,,,,,,,,0,,,,0,0,0.19000,0.01800,-0.01800,0,60.50000,5.70000,-5.70000,0,1,0.19000,0.01800,-0.01800,0,60.50000,5.70000,-5.70000,0,1,Mass,0.836,0.031,-0.028,0,9.170,0.340,-0.310,0,0.084,0.003,-0.003,0,1,0.43100,0.06400,-0.06000,0,1,,,,0,0,,,,0,0,,,,0,0,,,,0,0,2458357.014900,0.002500,-0.002600,0,1,BJD,0.7280,0.0400,-0.0490,0,1,,,,0,0,8.970000,0.270000,-0.270000,0,1,0.02854,0.00084,-0.00071,0,1,,,,,,,,24,16,2019-04-18,10.44,0.08,-0.08,0,95.80,0.73,-0.73,0,-96.775,0.101,0,51.240,0.091,0,109.503,0.099,0,7.908,,0,1.29,0.029,-0.029,0
319.699588,,21.31330583,,21h18m47.901s,-26.616375,,-26d36m58.95s,20.762170,,-42.949956,,313.891606,,-10.429758,,1,6.80,0.11,-0.11,0,2,147.20,2.50,-2.40,0,2,23.236,0.157,0,-57.557,0.152,0,62.070,0.153,0,1,-17.71,0.28,-0.28,0,1,,,,,,,,,,,,,,,,,,,,,,,,,,,,,,,,,,,,,,,,,,,,,,,,,,,,,,,,,,,,,,,,,,,,,,,,,,4,,,,,,,,,,,,,0.171,0.034,0,0.117,0.027,0,,,,,,,,,,,,,2,,,,0,6272.00,77.00,-71.00,0,2,3.85,0.03,-0.03,0,1,0.300,0.060,-0.060,0,1,[Fe/H],0.971,0.024,-0.028,0,2,2.59,0.08,-0.09,0,2,1.72,0.06,-0.07,0,1,0.1400,0.0150,-0.0120,0,1,1.700,0.320,-0.260,0,1,,,,,0,,,,0,,,,0,,,,0,0,0,0,0,0,0,0,HD 202772 A,,,HD 202772 A b,HD 202772 A,b,1,2,0,3,Transit,2019,Wang et al. 2019,,Transiting Exoplanet Survey Satellite (TESS),0.1 m TESS Telescope,TESS CCD Array,Space,Wang et al. 2019,1,0,0,1,0,0,0,0,0,0,http://exoplanet.eu/catalog/hd_202772_a_b/,,3.30895800,0.00008300,-0.00008300,0,1,0.052080,0.000640,-0.000680,0,1,84.510,1.100,-0.820,0,1,2458328.750000,0.560000,-0.450000,0,1,0.038000,0.042000,-0.027000,0,1,98.0000,65.0000,-52.0000,0,1,96.400,6.200,-6.000,0,1,,,,,,,1.01300,0.07000,-0.06800,0,321.96179,22.24810,-21.61244,0,1,1.01700,0.07000,-0.06800,0,323.23311,22.24810,-21.61244,0,1,1.01700,0.07000,-0.06800,0,323.23311,22.24810,-21.61244,0,2,Mass,1.545,0.052,-0.060,0,17.318,0.583,-0.673,0,0.159,0.005,-0.006,0,1,0.34300,0.04300,-0.03500,0,1,2132,28,-30,0,1,3440.0000,184.0000,-191.0000,0,1,0.375500,0.010000,-0.009900,0,1,0.2346000,0.0011000,-0.0011000,0,1,2458338.610470,0.000240,-0.000240,0,1,BJD-TDB,0.4030,0.0580,-0.0840,0,1,,,,0,0,4.330000,0.150000,-0.130000,0,1,0.06128,0.00083,-0.00081,0,1,,,,,,,,30,8,2019-01-31,6.17,0.09,-0.09,0,162.19,2.43,-2.43,0,23.236,0.157,0,-57.557,0.152,0,62.070,0.153,0,8.227,,0,0.354,0.0074,-0.0074,0
354.914490,0.000002,23.66096598,0.00000012,23h39m39.48s,-69.195747,0.000002,-69d11m44.7s,312.101981,0.000002,-46.633602,0.000002,311.439345,0.000003,-57.686737,0.000002,2,22.67,0.04,-0.04,0,2,44.12,0.07,-0.07,0,2,79.464,0.074,0,-67.440,0.045,0,104.224,0.063,0,3,8.05,0.06,-0.06,0,4,,,,9.162,0.017,0,8.469,0.012,0,,,,,,,7.122,0.024,0,6.759,0.022,0,6.676,0.034,0,6.767,0.144,0,6.650,0.047,0,6.728,0.025,0,6.589,0.098,0,,,,,,,,,,,,,,,,,,,,,,,,,,,,,,,,,,8.469,0.012,0,V (Johnson),13,,,,0.693,0.021,0,,,,,,,0.363,0.033,0,0.083,0.040,0,0.446,0.042,0,0.469,0.009,0,0.260,0.010,0,0.255,0.018,0,8,G6 V,,0,2,5428.00,80.00,-80.00,0,3,,,,0,1,0.000,,,0,2,,-0.140,0.008,-0.008,0,2,0.96,0.03,-0.03,0,3,1.01,0.06,-0.06,0,2,2.4000,0.1000,-0.2000,0,2,0.045,0.004,-0.004,0,2,17.8000,0.2000,-0.2000,0,3,0.876,,0,1,-4.090,,0,1,,,,0,1,0,1,0,0,0,0,HD 222259 A,HIP 116748 A,1SWASP J233939.48-691144.8,DS Tuc A b,DS Tuc A,b,1,2,0,3,Transit,2019,Newton et al. 2019,2019-06,Transiting Exoplanet Survey Satellite (TESS),0.1 m TESS Telescope,TESS CCD Array,Space,Newton et al. 2019,0,0,0,1,0,0,0,1,0,0,http://exoplanet.eu/catalog/ds_tuc_a_b/,,8.13826800,0.00001100,-0.00001100,0,2,,,,0,0,89.500,0.340,-0.410,0,2,2458332.309970,0.000260,-0.000260,0,1,0.000000,,,0,1,,,,0,0,,,,0,0,,,,,,,,,,0,,,,0,0,,,,0,,,,0,1,,,,0,,,,0,1,,0.509,0.015,-0.015,0,5.700,0.170,-0.170,0,0.052,0.002,-0.002,0,2,,,,0,0,850,,,0,1,,,,0,0,0.293600,0.002600,-0.002600,0,1,0.1323500,0.0004900,-0.0003900,0,1,2458332.309970,0.000260,-0.000260,0,2,BJD,0.1800,0.1300,-0.1200,0,2,,,,0,0,20.350000,0.290000,-0.690000,0,2,0.05419,0.00024,-0.00024,0,2,,,,,,,,37,20,2019-07-11,22.67,0.04,-0.04,0,44.12,0.07,-0.07,0,79.464,0.074,0,-67.440,0.045,0,104.224,0.063,0,8.319,,0,,,,0
72.694042,,4.84626944,,04h50m46.57s,-60.905450,,-60d54m19.62s,270.680945,,-38.017780,,28.441618,,-80.531667,,1,3.77,0.02,-0.02,0,1,265.15,1.58,-1.58,0,1,-3.733,0.047,0,-2.789,0.054,0,4.659,0.050,0,1,1.19,0.50,-0.50,0,1,,,,10.905,0.026,0,10.322,0.014,0,,,,,,,9.326,0.017,0,9.053,0.015,0,9.029,0.017,0,8.992,0.023,0,9.027,0.020,0,8.971,0.022,0,9.126,0.271,0,,,,,,,,,,,,,,,,,,,,,,,,,,,,,,,,,,10.322,0.014,0,V (Johnson),15,,,,,,,,,,,,,0.273,0.023,0,0.024,0.023,0,0.297,0.024,0,,,,,,,,,,3,G0 IV,,0,1,5907.00,150.00,-150.00,0,2,3.86,0.14,-0.14,0,1,0.100,0.100,-0.100,0,1,[Fe/H],,,,0,1,1.94,0.10,-0.10,0,2,1.32,0.06,-0.06,0,1,0.2540,0.0460,-0.0370,0,1,3.730,0.620,-0.620,0,1,8.2000,0.9000,-0.9000,0,1,,,,0,,,,0,,,,0,0,0,0,0,0,0,0,,,,TOI-813 b,TOI-813,b,1,1,0,3,Transit,2020,Eisner et al. 2019,2020-01,Transiting Exoplanet Survey Satellite (TESS),0.1 m TESS Telescope,TESS CCD Array,Space,Eisner et al. 2019,0,0,0,1,0,0,0,0,0,0,http://exoplanet.eu/catalog/toi-813_b/,,83.89110000,0.00270000,-0.00310000,0,1,0.423000,0.031000,-0.037000,0,1,89.640,0.240,-0.270,0,1,,,,0,0,0.000000,,,0,1,,,,0,0,,,,0,0,,,,,,,,,,0,,,,0,0,,,,0,,,,0,0,,,,0,,,,0,0,,0.599,0.034,-0.034,0,6.710,0.380,-0.380,0,0.061,0.003,-0.003,0,1,,,,0,0,610,28,-21,0,1,23.1000,4.6000,-3.1000,0,1,,,,0,0,,,,0,0,2458370.783600,0.007200,-0.006200,0,1,BJD,0.3000,0.1800,-0.1900,0,1,,,,0,0,47.200000,2.100000,-3.800000,0,1,0.03165,0.00072,-0.00061,0,1,,,,,,,,21,6,2020-01-30,3.77,0.02,-0.02,0,265.15,1.58,-1.58,0,-3.733,0.047,0,-2.789,0.054,0,4.659,0.050,0,10.235,,0,1.59,0.129,-0.129,0
338.984650,0.000001,22.59897664,0.00000008,22h35m56.32s,-59.864468,0.000001,-59d51m52.1s,328.701953,0.000002,-49.935874,0.000001,312.625579,0.000002,-46.208122,0.000001,2,,,,,2,47.97,0.14,-0.14,0,3,-108.388,0.050,0,-84.419,0.064,0,137.384,0.056,0,3,36.22,0.14,-0.14,0,2,,,,8.472,0.002,0,7.996,0.002,0,,,,,,,6.806,0.023,0,6.501,0.034,0,6.419,0.024,0,6.370,0.087,0,6.281,0.024,0,6.370,0.015,0,6.268,0.067,0,,,,,,,,,,,,,,,,,,,,,,,,,,,,,,,,,,7.996,0.002,0,V (Johnson),18,,,,0.626,0.018,0,,,,,,,0.305,0.041,0,0.082,0.042,0,0.387,0.033,0,0.391,0.001,0,0.185,0.002,0,0.326,0.001,0,8,G,,0,3,5978.00,50.00,-50.00,0,2,4.38,0.01,-0.01,0,1,-0.040,0.030,-0.030,0,1,[Fe/H],0.139,0.014,-0.016,0,2,1.10,0.01,-0.01,0,2,1.07,0.02,-0.02,0,1,1.1270,0.0330,-0.0330,0,1,3.800,0.660,-0.790,0,1,3.0000,0.2000,-0.2000,0,2,0.174,,0,1,-4.900,,0,1,,,,0,1,0,1,0,0,0,0,HD 213885,HIP 111553,,HD 213885 b,HD 213885,b,2,1,0,3,Transit,2019,Espinoza et al. 2019,2019-11,Transiting Exoplanet Survey Satellite (TESS),0.1 m TESS Telescope,TESS CCD Array,Space,Espinoza et al. 2019,1,0,0,1,0,0,0,0,0,0,http://exoplanet.eu/catalog/hd_213885_b/,,1.00803500,0.00002100,-0.00002000,0,1,0.020120,0.000150,-0.000120,0,1,80.090,0.620,-0.500,0,1,,,,0,0,0.000000,,,0,1,,,,0,0,5.300,0.390,-0.390,0,1,,,,,,,,,,0,,,,0,0,0.02778,0.00208,-0.00205,0,8.83000,0.66000,-0.65000,0,1,0.02778,0.00208,-0.00205,0,8.83000,0.66000,-0.65000,0,1,Mass,0.156,0.005,-0.005,0,1.745,0.051,-0.052,0,0.016,0.000,-0.000,0,1,9.15000,1.10000,-1.00000,0,1,2128,13,-14,0,1,,,,0,0,0.020000,,,0,1,,,,0,0,2458379.970430,0.001200,-0.001200,0,1,BJD-UTC,0.6750,0.0330,-0.0410,0,1,,,,0,0,3.927000,0.037000,-0.037000,0,1,0.01453,0.00041,-0.00042,0,1,,,,,,,,25,17,2019-12-05,20.77,0.04,-0.04,0,48.16,0.10,-0.10,0,-108.388,0.050,0,-84.419,0.064,0,137.384,0.056,0,7.802,,0,0.419,0.0031,-0.0031,0
24.354311,0.000002,1.62362073,0.00000015,01h37m25.03s,-45.677887,0.000002,-45d40m40.4s,279.710041,0.000007,-69.321365,0.000003,358.179671,0.000004,-50.443544,0.000003,2,8.07,0.02,-0.02,0,3,123.92,0.37,-0.37,0,4,25.200,0.000,0,20.600,0.000,0,32.600,0.000,0,3,3.20,0.00,,0,2,,,,9.763,0.023,0,9.303,0.018,0,,,,,,,8.409,0.018,0,8.231,0.055,0,8.131,0.027,0,8.075,0.023,0,8.123,0.021,0,8.079,0.022,0,7.753,0.196,0,,,,,,,,,,,,,,,,,,,,,,,,,,,,,,,,,,9.303,0.018,0,V (Johnson),15,,,,0.450,0.050,0,,,,,,,0.178,0.058,0,0.100,0.061,0,0.278,0.032,0,,,,,,,,,,7,F6 IV/V,,0,4,6400.00,,,0,12,,,,0,7,,,,0,9,,,,,0,1,1.23,,,0,10,1.22,,,0,10,,,,0,6,,,,0,5,11.0000,1.5000,,0,2,,,,0,,,,0,,,,0,8,6,1,0,1,3,0,HD 10069,HIP 7562,1SWASP J013725.03-454040.3,WASP-18 c,WASP-18,c,2,2,0,3,Transit Timing Variations,2019,Pearson 2019,,Transiting Exoplanet Survey Satellite (TESS),0.1 m TESS Telescope,TESS CCD Array,Space,Pearson 2019,0,0,0,0,0,0,0,0,0,0,,,2.15580000,0.00640000,-0.00640000,0,1,0.035000,,,0,1,,,,0,0,,,,0,0,0.015000,,,1,1,272.0000,13.0000,-13.0000,0,1,,,,0,0,,,,,,,,,,0,,,,0,0,0.17368,0.03870,-0.03870,0,55.20000,12.30000,-12.30000,0,1,0.17368,0.03870,-0.03870,0,55.20000,12.30000,-12.30000,0,1,Mass,,,,0,,,,0,,,,0,0,,,,0,0,,,,0,0,,,,0,0,,,,0,0,,,,0,0,,,,0,0,,,,,0,0,,,,0,0,,,,0,0,,,,0,0,,,,,,,,65,30,2019-12-05,8.07,0.02,-0.02,0,123.92,0.37,-0.37,0,25.200,0.000,0,20.600,0.000,0,32.600,0.000,0,9.166,,0,0.282,0.0008,-0.0008,0
112.965667,,7.53104444,,07h31m51.76s,-73.606153,,-73d36m22.15s,285.340710,,-23.164134,,232.435350,,-79.593405,,1,,,,,1,336.00,2.00,-2.00,0,2,-15.215,0.029,0,27.144,0.033,0,31.117,0.032,0,1,4.86,0.09,-0.09,0,2,,,,,,,,,,,,,,,,10.324,0.025,0,10.045,0.020,0,9.940,0.017,0,9.904,0.022,0,9.933,0.020,0,9.889,0.035,0,8.860,,-1,,,,,,,,,,,,,,,,,,,,,,,,,,,,,,,,,,,,,,10,,,,,,,,,,,,,0.279,0.032,0,0.105,0.026,0,0.384,0.030,0,,,,,,,,,,3,F,,0,1,6255.00,90.00,-90.00,0,3,4.13,0.01,-0.01,0,2,0.280,0.036,-0.036,0,2,[Fe/H],0.497,0.045,-0.039,0,2,1.53,0.01,-0.01,0,3,1.35,0.04,-0.03,0,2,0.5332,0.0144,-0.0165,0,2,2.346,0.425,-0.901,0,2,7.9600,0.2790,-0.2790,0,1,,,,0,,,,0,,,,0,0,0,0,0,0,0,0,,,,TOI-150.01,TOI-150,b,1,1,0,3,Transit,2019,Ca&ntilde;as et al. 2019,2019-05,Transiting Exoplanet Survey Satellite (TESS),0.1 m TESS Telescope,TESS CCD Array,Space,Kossakowski et al. 2019,1,0,0,1,0,0,0,0,0,0,http://exoplanet.eu/catalog/toi-150_b/,,5.85748700,0.00008900,-0.00009700,0,2,0.070370,0.000870,-0.000880,0,2,88.090,0.980,-0.680,0,2,,,,0,0,0.262000,0.045000,-0.037000,0,2,,,,0,0,240.000,11.000,-11.000,0,2,,,,,,,,,,0,,,,0,0,2.51000,0.12000,-0.12000,0,797.75330,38.13960,-38.13960,0,2,2.51000,0.12000,-0.12000,0,797.75330,38.13960,-38.13960,0,2,Mass,1.255,0.021,-0.019,0,14.067,0.235,-0.213,0,0.129,0.002,-0.002,0,2,1.68000,0.12000,-0.12000,0,2,1405,7,-7,0,2,,,,0,0,,,,0,0,0.2133333,0.0087500,-0.0075000,0,2,2458326.277300,0.000860,-0.000890,0,2,BJD-UTC,0.3300,0.1200,-0.1700,0,2,,,,0,0,9.917000,0.092000,-0.099000,0,2,0.08260,0.00120,-0.00110,0,2,,,,,,,,46,8,2019-11-07,2.94,0.02,-0.02,0,339.56,1.94,-1.94,0,-15.215,0.029,0,27.144,0.033,0,31.117,0.032,0,11.341,,0,0.209,0.0029,-0.0029,0
63.373865,0.000022,4.22492433,0.00000148,04h13m29.73s,-69.226807,0.000019,-69d13m36.5s,282.359145,0.000027,-38.833321,0.000016,332.990055,0.000111,-79.722791,0.000009,1,,,,0,1,234.00,15.00,-15.00,0,2,63.100,0.000,0,53.400,0.000,0,82.700,0.000,0,1,29.16,0.00,-0.00,0,2,,,,,,,10.800,0.500,0,,,,,,,9.962,0.017,0,9.659,0.021,0,9.598,0.019,0,9.566,0.023,0,9.608,0.020,0,9.565,0.035,0,8.667,,-1,,,,,,,,,,,,,,,,,,,,,,,,,,,,,,,,,,10.800,0.500,0,V (Johnson),9,,,,,,,,,,,,,0.303,0.027,0,0.061,0.028,0,0.364,0.025,0,,,,,,,,,,3,G2,,0,1,5800.00,,,0,3,,,,0,1,,,,0,1,,,,,0,1,1.27,,,0,3,1.12,,,0,2,,,,0,1,,,,0,1,0.5000,0.5000,-0.5000,0,1,,,,0,,,,0,,,,0,0,0,0,0,0,3,0,,,,WASP-126 c,WASP-126,c,2,1,0,3,Transit Timing Variations,2019,Pearson 2019,,Transiting Exoplanet Survey Satellite (TESS),0.1 m TESS Telescope,TESS CCD Array,Space,Pearson 2019,0,0,0,0,0,0,0,0,0,0,,,7.63000000,0.17000000,-0.17000000,0,1,,,,0,0,85.500,,,1,1,,,,0,0,0.050000,,,1,1,183.2000,33.8000,-33.8000,0,1,,,,0,0,,,,,,,,,,0,,,,0,0,0.20199,0.07740,-0.07740,0,64.20000,24.60000,-24.60000,0,1,0.20199,0.07740,-0.07740,0,64.20000,24.60000,-24.60000,0,1,Mass,,,,0,,,,0,,,,0,0,,,,0,0,,,,0,0,,,,0,0,,,,0,0,,,,0,0,,,,0,0,,,,,0,0,,,,0,0,,,,0,0,,,,0,0,,,,,,,,18,11,2019-12-05,4.59,0.02,-0.02,0,217.89,0.94,-0.94,0,63.100,0.000,0,53.400,0.000,0,82.700,0.000,0,11.066,,0,,,,0
316.631875,,21.10879167,,21h06m31.65s,-26.692858,,-26d41m34.29s,19.795206,,-40.304148,,311.212916,,-9.677544,,1,,,,,1,336.47,6.79,-6.79,0,2,-4.711,0.094,0,-54.250,0.069,0,54.454,0.069,0,1,-5.89,0.67,-0.67,0,1,,,,,,,,,,,,,,,,10.135,0.023,0,9.825,0.024,0,9.722,0.019,0,9.673,0.022,0,9.718,0.021,0,9.763,0.052,0,8.529,0.516,0,,,,,,,,,,,,,,,,,,,,,,,,,,,,,,,,,,,,,,10,,,,,,,,,,,,,0.310,0.033,0,0.103,0.031,0,0.413,0.030,0,,,,,,,,,,3,,,,0,5645.00,50.00,-50.00,0,2,3.99,0.03,-0.03,0,1,0.148,0.079,-0.080,0,1,[Fe/H],0.461,0.028,-0.028,0,2,1.78,0.05,-0.04,0,2,1.13,0.07,-0.06,0,1,0.2860,0.0220,-0.0230,0,1,7.400,1.600,-1.500,0,1,5.1000,0.5000,-0.5000,0,1,,,,0,,,,0,,,,0,0,0,0,0,0,0,0,,,,TOI-172 b,TOI-172,b,1,1,0,3,Transit,2019,Rodriguez et al. 2019,,Transiting Exoplanet Survey Satellite (TESS),0.1 m TESS Telescope,TESS CCD Array,Space,Rodriguez et al. 2019,1,0,0,1,0,0,0,0,0,0,http://exoplanet.eu/catalog/toi_172/,,9.47725000,0.00064000,-0.00079000,0,1,0.091400,0.001700,-0.001700,0,1,88.200,1.100,-1.000,0,1,2458326.549000,0.025000,-0.027000,0,1,0.380600,0.009300,-0.009000,0,1,57.1000,1.7000,-1.7000,0,1,517.600,6.200,-6.200,0,1,,,,,,,5.42000,0.22000,-0.21000,0,1722.63860,69.92260,-66.74430,0,1,5.42000,0.22000,-0.20000,0,1722.63860,69.92260,-63.56600,0,1,5.42000,0.22000,-0.20000,0,1722.63860,69.92260,-63.56600,0,2,Mass,0.965,0.032,-0.029,0,10.817,0.359,-0.325,0,0.099,0.003,-0.003,0,1,7.53000,0.65000,-0.72000,0,1,1198,18,-17,0,1,299.0000,19.0000,-16.0000,0,1,0.312000,0.010000,-0.010000,0,1,0.1964000,0.0028000,-0.0029000,0,1,2458345.873400,0.001300,-0.001300,0,1,BJD-TDB,0.2200,0.1200,-0.1400,0,1,,,,0,0,11.090000,0.280000,-0.300000,0,1,0.05588,0.00091,-0.00092,0,1,,,,,,,,30,7,2019-03-28,2.89,0.06,-0.06,0,346.02,7.30,-7.30,0,-4.711,0.094,0,-54.250,0.069,0,54.454,0.069,0,11.193,,0,0.272,0.0075,-0.0075,0
42.984360,0.000002,2.86562398,0.00000010,02h51m56.25s,-30.814520,0.000001,-30d48m52.3s,228.141603,0.000003,-63.468992,0.000001,27.957976,0.000003,-44.660778,0.000002,2,31.26,0.07,-0.07,0,2,31.99,0.07,-0.07,0,2,123.229,0.070,0,105.788,0.151,0,162.408,0.112,0,3,10.07,0.13,-0.13,0,2,,,,6.880,,0,6.400,,0,,,,,,,5.473,0.027,0,5.225,0.034,0,5.149,0.020,0,5.098,0.232,0,4.941,0.094,0,5.171,0.014,0,5.100,0.029,0,,,,,,,,,,,,,,,,,,,,,,4.799e+00,1.090e-01,0,3.575e+00,,1,9.550e-01,,1,-1.416e+00,,1,6.400,,0,V (Johnson),19,,,,0.480,,0,,,,,,,0.248,0.043,0,0.076,0.039,0,0.324,0.034,0,,,,,,,,,,6,F6 V,,0,3,6201.00,50.00,-50.00,0,2,4.26,0.03,-0.04,0,1,-0.140,0.080,-0.080,0,1,[Fe/H],0.371,0.013,-0.013,0,2,1.31,0.02,-0.02,0,2,1.15,0.07,-0.08,0,1,0.7170,0.0640,-0.0630,0,1,,,,0,0,8.3000,0.5000,-0.5000,0,2,,,,0,,,,0,,,,0,1,0,1,0,0,0,0,HD 17926,HIP 13363,,HR 858 b,HR 858,b,3,1,0,3,Transit,2019,Vanderburg et al. 2019,,Transiting Exoplanet Survey Satellite (TESS),0.1 m TESS Telescope,TESS CCD Array,Space,Vanderburg et al. 2019,0,0,0,1,0,0,0,0,0,0,http://exoplanet.eu/catalog/hr_858_b/,,3.58599000,0.00015000,-0.00015000,0,1,0.048000,0.001000,-0.001100,0,1,85.500,1.500,-0.500,0,1,,,,0,0,0.300000,,,1,1,,,,0,0,,,,0,0,,,,,,,,,,0,,,,0,0,,,,0,,,,0,0,,,,0,,,,0,0,,0.186,0.006,-0.006,0,2.085,0.068,-0.064,0,0.019,0.001,-0.001,0,1,,,,0,0,1572,22,-19,0,1,989.7000,62.5000,-55.8000,0,1,0.021300,0.001000,-0.001000,0,1,0.1129000,0.0016000,-0.0016000,0,1,2458409.189690,0.000840,-0.000830,0,1,BJD-TDB,0.5900,0.1000,-0.2700,0,1,,,,0,0,7.870000,0.230000,-0.240000,0,1,0.01460,0.00035,-0.00035,0,1,,,,,,,,23,19,2019-07-25,31.26,0.07,-0.07,0,31.99,0.07,-0.07,0,123.229,0.070,0,105.788,0.151,0,162.408,0.112,0,6.248,,0,1.5,0.033,-0.033,0
42.984360,0.000002,2.86562398,0.00000010,02h51m56.25s,-30.814520,0.000001,-30d48m52.3s,228.141603,0.000003,-63.468992,0.000001,27.957976,0.000003,-44.660778,0.000002,2,31.26,0.07,-0.07,0,2,31.99,0.07,-0.07,0,2,123.229,0.070,0,105.788,0.151,0,162.408,0.112,0,3,10.07,0.13,-0.13,0,2,,,,6.880,,0,6.400,,0,,,,,,,5.473,0.027,0,5.225,0.034,0,5.149,0.020,0,5.098,0.232,0,4.941,0.094,0,5.171,0.014,0,5.100,0.029,0,,,,,,,,,,,,,,,,,,,,,,4.799e+00,1.090e-01,0,3.575e+00,,1,9.550e-01,,1,-1.416e+00,,1,6.400,,0,V (Johnson),19,,,,0.480,,0,,,,,,,0.248,0.043,0,0.076,0.039,0,0.324,0.034,0,,,,,,,,,,6,F6 V,,0,3,6201.00,50.00,-50.00,0,2,4.26,0.03,-0.04,0,1,-0.140,0.080,-0.080,0,1,[Fe/H],0.371,0.013,-0.013,0,2,1.31,0.02,-0.02,0,2,1.15,0.07,-0.08,0,1,0.7170,0.0640,-0.0630,0,1,,,,0,0,8.3000,0.5000,-0.5000,0,2,,,,0,,,,0,,,,0,1,0,1,0,0,0,0,HD 17926,HIP 13363,,HR 858 c,HR 858,c,3,1,0,3,Transit,2019,Vanderburg et al. 2019,,Transiting Exoplanet Survey Satellite (TESS),0.1 m TESS Telescope,TESS CCD Array,Space,Vanderburg et al. 2019,0,0,0,1,0,0,0,0,0,0,http://exoplanet.eu/catalog/hr_858_c/,,5.97293000,0.00060000,-0.00053000,0,1,0.067400,0.001400,-0.001600,0,1,86.230,0.260,-0.260,0,1,,,,0,0,0.190000,,,1,1,,,,0,0,,,,0,0,,,,,,,,,,0,,,,0,0,,,,0,,,,0,0,,,,0,,,,0,0,,0.173,0.006,-0.006,0,1.939,0.069,-0.069,0,0.018,0.001,-0.001,0,1,,,,0,0,1326,18,-16,0,1,512.0000,29.0000,-26.0000,0,1,0.018400,0.001100,-0.001100,0,1,0.1209000,0.0045000,-0.0030000,0,1,2458415.634400,0.002200,-0.001400,0,1,BJD-TDB,0.7200,0.0410,-0.0640,0,1,,,,0,0,11.060000,0.320000,-0.340000,0,1,0.01358,0.00038,-0.00039,0,1,,,,,,,,23,19,2019-07-25,31.26,0.07,-0.07,0,31.99,0.07,-0.07,0,123.229,0.070,0,105.788,0.151,0,162.408,0.112,0,6.248,,0,2.11,0.047,-0.047,0
42.984360,0.000002,2.86562398,0.00000010,02h51m56.25s,-30.814520,0.000001,-30d48m52.3s,228.141603,0.000003,-63.468992,0.000001,27.957976,0.000003,-44.660778,0.000002,2,31.26,0.07,-0.07,0,2,31.99,0.07,-0.07,0,2,123.229,0.070,0,105.788,0.151,0,162.408,0.112,0,3,10.07,0.13,-0.13,0,2,,,,6.880,,0,6.400,,0,,,,,,,5.473,0.027,0,5.225,0.034,0,5.149,0.020,0,5.098,0.232,0,4.941,0.094,0,5.171,0.014,0,5.100,0.029,0,,,,,,,,,,,,,,,,,,,,,,4.799e+00,1.090e-01,0,3.575e+00,,1,9.550e-01,,1,-1.416e+00,,1,6.400,,0,V (Johnson),19,,,,0.480,,0,,,,,,,0.248,0.043,0,0.076,0.039,0,0.324,0.034,0,,,,,,,,,,6,F6 V,,0,3,6201.00,50.00,-50.00,0,2,4.26,0.03,-0.04,0,1,-0.140,0.080,-0.080,0,1,[Fe/H],0.371,0.013,-0.013,0,2,1.31,0.02,-0.02,0,2,1.15,0.07,-0.08,0,1,0.7170,0.0640,-0.0630,0,1,,,,0,0,8.3000,0.5000,-0.5000,0,2,,,,0,,,,0,,,,0,1,0,1,0,0,0,0,HD 17926,HIP 13363,,HR 858 d,HR 858,d,3,1,0,3,Transit,2019,Vanderburg et al. 2019,,Transiting Exoplanet Survey Satellite (TESS),0.1 m TESS Telescope,TESS CCD Array,Space,Vanderburg et al. 2019,0,0,0,1,0,0,0,0,0,0,http://exoplanet.eu/catalog/hr_858_d/,,11.23000000,0.00110000,-0.00100000,0,1,0.102700,0.002200,-0.002500,0,1,87.430,0.180,-0.190,0,1,,,,0,0,0.280000,,,1,1,,,,0,0,,,,0,0,,,,,,,,,,0,,,,0,0,,,,0,,,,0,0,,,,0,,,,0,0,,0.193,0.008,-0.007,0,2.164,0.086,-0.083,0,0.020,0.001,-0.001,0,1,,,,0,0,1075,15,-13,0,1,217.0000,13.0000,-12.0000,0,1,0.022900,0.001500,-0.001500,0,1,0.1431000,0.0042000,-0.0038000,0,1,2458409.732800,0.002000,-0.001800,0,1,BJD-TDB,0.7290,0.0640,-0.1100,0,1,,,,0,0,16.850000,0.490000,-0.510000,0,1,0.01514,0.00050,-0.00049,0,1,,,,,,,,23,19,2019-07-25,31.26,0.07,-0.07,0,31.99,0.07,-0.07,0,123.229,0.070,0,105.788,0.151,0,162.408,0.112,0,6.248,,0,3.21,0.074,-0.074,0
79.767917,,5.31786111,,05h19m04.3s,-71.895528,,-71d53m43.9s,283.048009,,-32.811403,,299.514226,,-83.566478,,1,2.40,0.05,-0.05,0,1,416.50,8.13,-8.13,0,1,7.140,0.067,0,16.374,0.078,0,17.863,0.077,0,1,22.74,1.15,-1.15,0,1,,,,,,,,,,,,,,,,10.404,0.017,0,10.153,0.022,0,10.124,0.021,0,10.107,0.023,0,10.136,0.020,0,10.136,0.042,0,8.995,,-1,,,,,,,,,,,,,,,,,,,,,,,,,,,,,,,,,,,,,,10,,,,,,,,,,,,,0.251,0.028,0,0.029,0.030,0,0.280,0.027,0,,,,,,,,,,3,F,,0,1,6495.00,90.00,-90.00,0,2,4.19,0.01,-0.01,0,1,0.220,0.041,-0.041,0,1,[Fe/H],0.636,0.024,-0.026,0,2,1.65,0.02,-0.03,0,2,1.44,0.03,-0.03,0,1,0.4518,0.0189,-0.0194,0,1,1.823,0.300,-0.331,0,1,14.0800,0.2660,-0.2660,0,1,,,,0,,,,0,,,,0,0,0,0,0,0,0,0,HD 271181,,,TOI-163 b,TOI-163,b,1,1,0,3,Transit,2019,Kossakowski et al. 2019,2019-11,Transiting Exoplanet Survey Satellite (TESS),0.1 m TESS Telescope,TESS CCD Array,Space,Kossakowski et al. 2019,0,0,0,1,0,0,0,0,0,0,http://exoplanet.eu/catalog/toi-163_b/,,4.23130600,0.00006300,-0.00005700,0,1,0.058000,0.001400,-0.001400,0,1,87.240,0.470,-0.450,0,1,,,,0,0,0.000000,,,0,1,,,,0,0,120.000,12.000,-11.000,0,1,,,,,,,,,,0,,,,0,0,1.22000,0.12000,-0.12000,0,387.75260,38.13960,-38.13960,0,1,1.22000,0.12000,-0.12000,0,387.75260,38.13960,-38.13960,0,1,Mass,1.489,0.034,-0.034,0,16.690,0.381,-0.381,0,0.153,0.003,-0.003,0,1,0.49000,0.05900,-0.05500,0,1,1669,16,-14,0,1,,,,0,0,,,,0,0,0.2054167,0.0070833,-0.0062500,0,1,2458328.879700,0.000620,-0.000630,0,1,BJD-UTC,0.3650,0.0530,-0.0570,0,1,,,,0,0,7.570000,0.130000,-0.140000,0,1,0.09082,0.00160,-0.00150,0,1,,,,,,,,25,7,2019-11-07,2.40,0.05,-0.05,0,416.50,8.13,-8.13,0,7.140,0.067,0,16.374,0.078,0,17.863,0.077,0,11.219,,0,0.139,0.0043,-0.0043,0
23.594729,,1.57298194,,01h34m22.735s,-66.675819,,-66d40m32.95s,296.357077,,-49.900567,,328.784939,,-64.896623,,1,8.97,0.10,-0.10,0,2,111.40,1.30,-1.20,0,2,-119.800,0.066,0,-122.953,0.080,0,171.667,0.074,0,1,11.06,0.01,-0.01,0,2,,,,11.701,0.025,0,10.892,0.016,0,,,,,,,9.466,0.017,0,9.112,0.024,0,8.995,0.019,0,8.945,0.023,0,9.006,0.019,0,8.944,0.026,0,8.613,0.262,0,,,,,,,,,,,,,,,,,,,,,,,,,,,,,,,,,,10.892,0.016,0,V (Johnson),15,,,,,,,,,,,,,0.354,0.029,0,0.117,0.031,0,0.471,0.025,0,,,,,,,,,,3,K0 V,,0,2,5320.00,39.00,-39.00,0,3,4.52,0.02,-0.02,0,2,-0.020,0.030,-0.030,0,2,[Fe/H],-0.285,0.013,-0.014,0,3,0.85,0.01,-0.01,0,3,0.86,0.04,-0.04,0,2,1.9900,0.1300,-0.1100,0,2,6.800,4.400,-4.100,0,2,1.0000,0.5000,-0.5000,1,2,,,,0,,,,0,,,,0,0,0,0,0,0,0,0,,,,TOI-125 b,TOI-125,b,3,1,0,3,Transit,2019,Quinn et al. 2019,2019-11,Transiting Exoplanet Survey Satellite (TESS),0.1 m TESS Telescope,TESS CCD Array,Space,Nielsen et al. 2020,1,0,0,1,0,0,0,0,0,0,http://exoplanet.eu/catalog/toi_125_b/,,4.65382000,0.00033000,-0.00031000,0,2,0.051860,0.000860,-0.000770,0,2,88.920,0.710,-0.600,0,2,,,,0,0,0.194000,0.041000,-0.036000,0,2,-37.0000,12.0000,-14.0000,0,2,4.110,0.360,-0.360,0,1,,,,,,,,,,0,,,,0,0,0.02989,0.00277,-0.00277,0,9.50000,0.88000,-0.88000,0,1,0.02989,0.00277,-0.00277,0,9.50000,0.88000,-0.88000,0,1,Mass,0.243,0.007,-0.007,0,2.726,0.075,-0.075,0,0.025,0.001,-0.001,0,2,2.57000,0.33000,-0.33000,0,1,1037,11,-11,0,2,185.0000,9.0000,-9.0000,0,2,0.087000,0.004300,-0.004000,0,2,0.1234000,0.0024000,-0.0024000,0,2,2458355.355290,0.001000,-0.001000,0,2,BJD-TDB,0.2700,0.1700,-0.1800,0,2,,,,0,0,13.160000,0.270000,-0.270000,0,2,0.02950,0.00070,-0.00070,0,2,,,,,,,,50,8,2020-02-13,8.98,0.04,-0.04,0,111.41,0.44,-0.44,0,-119.800,0.066,0,-122.953,0.080,0,171.667,0.074,0,10.718,,0,0.466,0.009,-0.009,0
23.594729,,1.57298194,,01h34m22.735s,-66.675819,,-66d40m32.95s,296.357077,,-49.900567,,328.784939,,-64.896623,,1,8.97,0.10,-0.10,0,2,111.40,1.30,-1.20,0,2,-119.800,0.066,0,-122.953,0.080,0,171.667,0.074,0,1,11.06,0.01,-0.01,0,2,,,,11.701,0.025,0,10.892,0.016,0,,,,,,,9.466,0.017,0,9.112,0.024,0,8.995,0.019,0,8.945,0.023,0,9.006,0.019,0,8.944,0.026,0,8.613,0.262,0,,,,,,,,,,,,,,,,,,,,,,,,,,,,,,,,,,10.892,0.016,0,V (Johnson),15,,,,,,,,,,,,,0.354,0.029,0,0.117,0.031,0,0.471,0.025,0,,,,,,,,,,3,K0 V,,0,2,5320.00,39.00,-39.00,0,3,4.52,0.02,-0.02,0,2,-0.020,0.030,-0.030,0,2,[Fe/H],-0.285,0.013,-0.014,0,3,0.85,0.01,-0.01,0,3,0.86,0.04,-0.04,0,2,1.9900,0.1300,-0.1100,0,2,6.800,4.400,-4.100,0,2,1.0000,0.5000,-0.5000,1,2,,,,0,,,,0,,,,0,0,0,0,0,0,0,0,,,,TOI-125 c,TOI-125,c,3,1,0,3,Transit,2019,Quinn et al. 2019,2019-11,Transiting Exoplanet Survey Satellite (TESS),0.1 m TESS Telescope,TESS CCD Array,Space,Nielsen et al. 2020,1,0,0,1,0,0,0,0,0,0,http://exoplanet.eu/catalog/toi_125_c/,,9.15059000,0.00070000,-0.00082000,0,2,0.081400,0.001300,-0.001300,0,2,88.540,0.410,-0.190,0,2,,,,0,0,0.066000,0.070000,-0.047000,0,2,70.0000,100.0000,-110.0000,0,2,2.250,0.330,-0.330,0,1,,,,,,,,,,0,,,,0,0,0.02086,0.00311,-0.00311,0,6.63000,0.99000,-0.99000,0,1,0.02086,0.00311,-0.00311,0,6.63000,0.99000,-0.99000,0,1,Mass,0.246,0.009,-0.009,0,2.759,0.100,-0.100,0,0.025,0.001,-0.001,0,2,1.73000,0.33000,-0.33000,0,1,828,9,-9,0,2,77.5900,3.3100,-3.3100,0,2,0.089100,0.006000,-0.005700,0,2,0.1231000,0.0026000,-0.0030000,0,2,2458361.908500,0.001300,-0.001300,0,2,BJD-TDB,0.5220,0.0860,-0.1800,0,2,,,,0,0,20.660000,0.420000,-0.420000,0,2,0.02985,0.00099,-0.00099,0,2,,,,,,,,50,8,2020-02-13,8.98,0.04,-0.04,0,111.41,0.44,-0.44,0,-119.800,0.066,0,-122.953,0.080,0,171.667,0.074,0,10.718,,0,0.731,0.0143,-0.0143,0
51.746769,0.000002,3.44978460,0.00000012,03h26m59.22s,-63.499100,0.000002,-63d29m56.8s,279.230346,0.000003,-45.822520,0.000002,352.883028,0.000007,-73.834554,0.000001,3,,,,,4,16.33,0.01,-0.01,0,5,355.084,0.045,0,-247.460,0.049,0,432.806,0.046,0,4,59.46,0.12,-0.12,0,1,,,,9.230,,0,7.870,,0,7.255,,0,6.725,,0,6.081,0.020,0,5.524,0.031,0,5.375,0.024,0,,,,,,,,,,,,,,,,,,,,,,,,,,,,,,,,,,,,,,,,,,,,,,7.870,,0,V (Johnson),22,,,,1.140,,0,1.145,,0,0.615,,0,0.557,0.037,0,0.149,0.039,0,0.706,0.031,0,,,,,,,,,,14,K4.5,,0,5,4640.00,100.00,-100.00,0,4,4.61,0.05,-0.06,0,2,0.003,0.060,-0.060,0,2,[Fe/H],-0.686,0.000,-0.000,0,5,0.69,0.03,-0.03,0,4,0.73,0.07,-0.07,0,4,3.0300,0.5000,-0.4700,0,1,3.800,3.700,-3.700,0,1,,,,,0,,,,0,,,,0,,,,0,1,0,1,0,0,2,1,HD 21749,HIP 16069,,GJ 143 b,GJ 143,b,2,1,0,3,Transit,2019,Trifonov et al. 2019,,Transiting Exoplanet Survey Satellite (TESS),0.1 m TESS Telescope,TESS CCD Array,Space,Dragomir et al. 2018,1,0,0,1,0,0,0,1,0,0,http://exoplanet.eu/catalog/gj_143_b/,,35.61253000,0.00060000,-0.00062000,0,2,0.191500,0.005800,-0.006300,0,2,89.330,0.150,-0.110,0,1,2458350.800000,1.600000,-1.100000,0,1,0.188000,0.076000,-0.078000,0,2,98.0000,21.0000,-17.0000,0,2,5.510,0.410,-0.330,0,2,,,,,,,,,,0,,,,0,0,0.07142,0.00692,-0.00598,0,22.70000,2.20000,-1.90000,0,2,0.07142,0.00692,-0.00598,0,22.70000,2.20000,-1.90000,0,2,Mass,0.233,0.015,-0.014,0,2.610,0.170,-0.160,0,0.024,0.002,-0.001,0,1,7.00000,1.60000,-1.30000,0,1,422,15,-14,0,1,,,,0,0,,,,0,0,0.1345833,0.0017083,-0.0015833,0,1,2458385.925020,0.000540,-0.000550,0,1,BJD-TDB,0.5870,0.0970,-0.1500,0,1,,,,0,0,60.100000,3.200000,-3.300000,0,1,0.03500,0.00110,-0.00100,0,1,,,,,,,,45,24,2019-04-25,61.25,0.03,-0.03,0,16.33,0.01,-0.01,0,355.084,0.045,0,-247.460,0.049,0,432.806,0.046,0,7.679,,0,11.7,0.37,-0.37,0
55.459988,0.000003,3.69733251,0.00000018,03h41m50.40s,-62.767075,0.000004,-62d46m01.5s,277.026344,0.000005,-44.847588,0.000003,358.268469,0.000014,-74.955190,0.000003,2,25.59,0.03,-0.03,0,2,39.08,0.04,-0.04,0,2,-102.571,0.050,0,-43.917,0.059,0,111.578,0.051,0,3,34.22,0.23,-0.23,0,1,,,,10.803,0.053,0,9.724,0.030,0,,,,,,,7.865,0.024,0,7.347,0.029,0,7.207,0.022,0,,,,,,,,,,,,,,,,,,,,,,,,,,,,,,,,,,,,,,,,,,,,,,9.724,0.030,0,V (Johnson),9,,,,1.079,0.061,0,,,,,,,0.518,0.038,0,0.140,0.036,0,0.658,0.033,0,,,,,,,,,,5,K4 V,,0,3,,,,0,1,,,,0,0,,,,0,0,,-0.636,0.009,-0.010,0,2,0.73,0.01,-0.01,0,2,0.75,0.04,-0.03,0,1,,,,0,0,,,,0,0,,,,,0,,,,0,,,,0,,,,0,1,0,1,0,0,0,0,HD 23472,HIP 17264,,HD 23472 b,HD 23472,b,2,1,0,3,Transit,2019,Trifonov et al. 2019,,Transiting Exoplanet Survey Satellite (TESS),0.1 m TESS Telescope,TESS CCD Array,Space,Trifonov et al. 2019,1,0,0,1,0,0,0,0,0,0,http://exoplanet.eu/catalog/hd_23472_b/,,17.66700000,0.14200000,-0.09500000,0,1,0.121000,0.001000,-0.001000,0,1,,,,0,0,,,,0,0,0.000000,,,0,1,0.0000,,,0,1,5.330,0.670,-4.200,0,1,,,,,,,,,,0,,,,0,0,0.05638,0.00444,-0.04405,0,17.92000,1.41000,-14.00000,0,1,0.05638,0.00444,-0.04405,0,17.92000,1.41000,-14.00000,0,1,Mass,,,,0,,,,0,,,,0,0,,,,0,0,,,,0,0,,,,0,0,,,,0,0,,,,0,0,,,,0,0,,,,,0,0,,,,0,0,,,,0,0,,,,0,0,,,,,,,,12,12,2019-02-14,25.59,0.03,-0.03,0,39.08,0.04,-0.04,0,-102.571,0.050,0,-43.917,0.059,0,111.578,0.051,0,9.385,,0,3.1,0.026,-0.026,0
55.459988,0.000003,3.69733251,0.00000018,03h41m50.40s,-62.767075,0.000004,-62d46m01.5s,277.026344,0.000005,-44.847588,0.000003,358.268469,0.000014,-74.955190,0.000003,2,25.59,0.03,-0.03,0,2,39.08,0.04,-0.04,0,2,-102.571,0.050,0,-43.917,0.059,0,111.578,0.051,0,3,34.22,0.23,-0.23,0,1,,,,10.803,0.053,0,9.724,0.030,0,,,,,,,7.865,0.024,0,7.347,0.029,0,7.207,0.022,0,,,,,,,,,,,,,,,,,,,,,,,,,,,,,,,,,,,,,,,,,,,,,,9.724,0.030,0,V (Johnson),9,,,,1.079,0.061,0,,,,,,,0.518,0.038,0,0.140,0.036,0,0.658,0.033,0,,,,,,,,,,5,K4 V,,0,3,,,,0,1,,,,0,0,,,,0,0,,-0.636,0.009,-0.010,0,2,0.73,0.01,-0.01,0,2,0.75,0.04,-0.03,0,1,,,,0,0,,,,0,0,,,,,0,,,,0,,,,0,,,,0,1,0,1,0,0,0,0,HD 23472,HIP 17264,,HD 23472 c,HD 23472,c,2,1,0,3,Transit,2019,Trifonov et al. 2019,,Transiting Exoplanet Survey Satellite (TESS),0.1 m TESS Telescope,TESS CCD Array,Space,Trifonov et al. 2019,1,0,0,1,0,0,0,0,0,0,http://exoplanet.eu/catalog/hd_23472_c/,,29.62500000,0.22400000,-0.17100000,0,1,0.170000,0.001000,-0.001000,0,1,,,,0,0,,,,0,0,0.000000,,,0,1,0.0000,,,0,1,4.290,0.260,-3.440,0,1,,,,,,,,,,0,,,,0,0,0.05405,0.00337,-0.04333,0,17.18000,1.07000,-13.77000,0,1,0.05405,0.00337,-0.04333,0,17.18000,1.07000,-13.77000,0,1,Mass,,,,0,,,,0,,,,0,0,,,,0,0,,,,0,0,,,,0,0,,,,0,0,,,,0,0,,,,0,0,,,,,0,0,,,,0,0,,,,0,0,,,,0,0,,,,,,,,12,12,2019-02-14,25.59,0.03,-0.03,0,39.08,0.04,-0.04,0,-102.571,0.050,0,-43.917,0.059,0,111.578,0.051,0,9.385,,0,4.35,0.026,-0.026,0
51.746769,0.000002,3.44978460,0.00000012,03h26m59.22s,-63.499100,0.000002,-63d29m56.8s,279.230346,0.000003,-45.822520,0.000002,352.883028,0.000007,-73.834554,0.000001,3,,,,,4,16.33,0.01,-0.01,0,5,355.084,0.045,0,-247.460,0.049,0,432.806,0.046,0,4,59.46,0.12,-0.12,0,1,,,,9.230,,0,7.870,,0,7.255,,0,6.725,,0,6.081,0.020,0,5.524,0.031,0,5.375,0.024,0,,,,,,,,,,,,,,,,,,,,,,,,,,,,,,,,,,,,,,,,,,,,,,7.870,,0,V (Johnson),22,,,,1.140,,0,1.145,,0,0.615,,0,0.557,0.037,0,0.149,0.039,0,0.706,0.031,0,,,,,,,,,,14,K4.5,,0,5,4640.00,100.00,-100.00,0,4,4.61,0.05,-0.06,0,2,0.003,0.060,-0.060,0,2,[Fe/H],-0.686,0.000,-0.000,0,5,0.69,0.03,-0.03,0,4,0.73,0.07,-0.07,0,4,3.0300,0.5000,-0.4700,0,1,3.800,3.700,-3.700,0,1,,,,,0,,,,0,,,,0,,,,0,1,0,1,0,0,2,1,HD 21749,HIP 16069,,HD 21749 c,GJ 143,c,2,1,0,3,Transit,2019,Dragomir et al. 2018,2019-04,Transiting Exoplanet Survey Satellite (TESS),0.1 m TESS Telescope,TESS CCD Array,Space,Dragomir et al. 2018,0,0,0,1,0,0,0,0,0,0,http://exoplanet.eu/catalog/hd_21749_c/,,7.78993000,0.00051000,-0.00044000,0,1,0.069500,0.002100,-0.002300,0,1,88.900,0.500,-0.370,0,1,2458332.278900,0.002600,-0.002700,0,1,,,,0,0,,,,0,0,1.430,,,1,1,,,,,,,,,,0,,,,0,0,0.01164,,,1,3.70000,,,1,1,0.01164,,,1,3.70000,,,1,1,Mass,0.080,0.006,-0.005,0,0.892,0.064,-0.058,0,0.008,0.001,-0.001,0,1,31.93000,,,1,1,701,25,-23,0,1,,,,0,0,,,,0,0,0.1047917,0.0032083,-0.0035833,0,1,2458371.228700,0.001600,-0.001500,0,1,BJD-TDB,0.4200,0.1100,-0.1800,0,1,,,,0,0,21.800000,1.200000,-1.200000,0,1,0.01196,0.00051,-0.00052,0,1,,,,,,,,37,24,2019-04-25,61.25,0.03,-0.03,0,16.33,0.01,-0.01,0,355.084,0.045,0,-247.460,0.049,0,432.806,0.046,0,7.679,,0,4.26,0.135,-0.135,0
68.415500,,4.56103333,,04h33m39.72s,-51.956233,,-51d57m22.44s,259.772375,,-42.014392,,43.146831,,-71.897027,,1,44.54,0.04,-0.04,0,2,22.45,0.02,-0.02,0,2,82.944,0.050,0,-269.755,0.051,0,282.219,0.051,0,1,,,,,0,,,,,,,12.620,0.030,0,,,,,,,9.099,0.027,0,8.531,0.071,0,8.251,0.025,0,8.130,0.022,0,7.983,0.019,0,7.887,0.016,0,7.691,0.089,0,,,,,,,,,,,,,,,,,,,,,,,,,,,,,,,,,,12.620,0.030,0,V (Johnson),12,,,,,,,,,,,,,0.568,0.076,0,0.280,0.075,0,0.848,0.037,0,,,,,,,,,,3,M3.0 V,,0,1,3386.00,137.00,-131.00,0,2,,,,0,0,-0.170,0.100,-0.100,0,1,[Fe/H],-1.770,0.048,-0.054,0,1,0.38,0.02,-0.02,0,1,0.40,0.02,-0.02,0,1,10.5000,1.4000,-2.2000,0,1,,,,0,0,,,,,0,,,,0,,,,0,,,,0,0,0,0,0,0,0,0,,,,TOI-270 b,TOI-270,b,3,1,0,3,Transit,2019,G&uuml;nther et al. 2019,2019-07,Transiting Exoplanet Survey Satellite (TESS),0.1 m TESS Telescope,TESS CCD Array,Space,G&uuml;nther et al. 2019,0,0,0,1,0,0,0,1,0,0,http://exoplanet.eu/catalog/toi-270_b/,,3.36008000,0.00006500,-0.00007000,0,1,0.030600,0.003300,-0.005700,0,1,88.650,0.850,-1.400,0,1,,,,0,0,0.000000,,,0,1,,,,0,0,,,,0,0,,,,,,,,,,0,,,,0,0,,,,0,,,,0,0,,,,0,,,,0,0,,0.111,0.008,-0.007,0,1.247,0.089,-0.083,0,0.011,0.001,-0.001,0,1,,,,0,0,528,56,-32,0,1,,,,0,0,0.090100,0.009200,-0.006600,0,1,0.0577917,0.0016667,-0.0014167,0,1,2458461.014640,0.000840,-0.000930,0,1,BJD-TDB,0.4100,0.2600,-0.2600,0,1,,,,0,0,17.480000,1.490000,-3.240000,0,1,0.03000,0.00150,-0.00110,0,1,,,,,,,,19,7,2019-08-01,44.46,0.03,-0.03,0,22.49,0.01,-0.01,0,82.944,0.050,0,-269.755,0.051,0,282.219,0.051,0,11.631,,0,1.36,0.2,-0.2,0
68.415500,,4.56103333,,04h33m39.72s,-51.956233,,-51d57m22.44s,259.772375,,-42.014392,,43.146831,,-71.897027,,1,44.54,0.04,-0.04,0,2,22.45,0.02,-0.02,0,2,82.944,0.050,0,-269.755,0.051,0,282.219,0.051,0,1,,,,,0,,,,,,,12.620,0.030,0,,,,,,,9.099,0.027,0,8.531,0.071,0,8.251,0.025,0,8.130,0.022,0,7.983,0.019,0,7.887,0.016,0,7.691,0.089,0,,,,,,,,,,,,,,,,,,,,,,,,,,,,,,,,,,12.620,0.030,0,V (Johnson),12,,,,,,,,,,,,,0.568,0.076,0,0.280,0.075,0,0.848,0.037,0,,,,,,,,,,3,M3.0 V,,0,1,3386.00,137.00,-131.00,0,2,,,,0,0,-0.170,0.100,-0.100,0,1,[Fe/H],-1.770,0.048,-0.054,0,1,0.38,0.02,-0.02,0,1,0.40,0.02,-0.02,0,1,10.5000,1.4000,-2.2000,0,1,,,,0,0,,,,,0,,,,0,,,,0,,,,0,0,0,0,0,0,0,0,,,,TOI-270 c,TOI-270,c,3,1,0,3,Transit,2019,G&uuml;nther et al. 2019,2019-07,Transiting Exoplanet Survey Satellite (TESS),0.1 m TESS Telescope,TESS CCD Array,Space,G&uuml;nther et al. 2019,0,0,0,1,0,0,0,1,0,0,http://exoplanet.eu/catalog/toi-270_c/,,5.66017200,0.00003500,-0.00003500,0,1,0.047200,0.003000,-0.003300,0,1,89.530,0.300,-0.420,0,1,,,,0,0,0.000000,,,0,1,,,,0,0,,,,0,0,,,,,,,,,,0,,,,0,0,,,,0,,,,0,0,,,,0,,,,0,0,,0.216,0.012,-0.012,0,2.420,0.130,-0.130,0,0.022,0.001,-0.001,0,1,,,,0,0,424,20,-19,0,1,,,,0,0,0.339400,0.009400,-0.006800,0,1,0.0690833,0.0006250,-0.0005000,0,1,2458463.084810,0.000250,-0.000250,0,1,BJD-TDB,0.2200,0.1700,-0.1400,0,1,,,,0,0,27.010000,0.600000,-1.580000,0,1,0.05825,0.00079,-0.00058,0,1,,,,,,,,19,7,2019-08-01,44.46,0.03,-0.03,0,22.49,0.01,-0.01,0,82.944,0.050,0,-269.755,0.051,0,282.219,0.051,0,11.631,,0,2.1,0.14,-0.14,0
68.415500,,4.56103333,,04h33m39.72s,-51.956233,,-51d57m22.44s,259.772375,,-42.014392,,43.146831,,-71.897027,,1,44.54,0.04,-0.04,0,2,22.45,0.02,-0.02,0,2,82.944,0.050,0,-269.755,0.051,0,282.219,0.051,0,1,,,,,0,,,,,,,12.620,0.030,0,,,,,,,9.099,0.027,0,8.531,0.071,0,8.251,0.025,0,8.130,0.022,0,7.983,0.019,0,7.887,0.016,0,7.691,0.089,0,,,,,,,,,,,,,,,,,,,,,,,,,,,,,,,,,,12.620,0.030,0,V (Johnson),12,,,,,,,,,,,,,0.568,0.076,0,0.280,0.075,0,0.848,0.037,0,,,,,,,,,,3,M3.0 V,,0,1,3386.00,137.00,-131.00,0,2,,,,0,0,-0.170,0.100,-0.100,0,1,[Fe/H],-1.770,0.048,-0.054,0,1,0.38,0.02,-0.02,0,1,0.40,0.02,-0.02,0,1,10.5000,1.4000,-2.2000,0,1,,,,0,0,,,,,0,,,,0,,,,0,,,,0,0,0,0,0,0,0,0,,,,TOI-270 d,TOI-270,d,3,1,0,3,Transit,2019,G&uuml;nther et al. 2019,2019-07,Transiting Exoplanet Survey Satellite (TESS),0.1 m TESS Telescope,TESS CCD Array,Space,G&uuml;nther et al. 2019,0,0,0,1,0,0,0,1,0,0,http://exoplanet.eu/catalog/toi-270_d/,,11.38014000,0.00011000,-0.00010000,0,1,0.073300,0.004200,-0.004200,0,1,89.690,0.160,-0.120,0,1,,,,0,0,0.000000,,,0,1,,,,0,0,,,,0,0,,,,,,,,,,0,,,,0,0,,,,0,,,,0,0,,,,0,,,,0,0,,0.190,0.011,-0.011,0,2.130,0.120,-0.120,0,0.020,0.001,-0.001,0,1,,,,0,0,340,14,-14,0,1,,,,0,0,0.264500,0.007800,-0.007800,0,1,0.0895000,0.0007500,-0.0007500,0,1,2458469.338340,0.000520,-0.000460,0,1,BJD-TDB,0.2240,0.0830,-0.1100,0,1,,,,0,0,41.560000,0.700000,-0.830000,0,1,0.05143,0.00074,-0.00074,0,1,,,,,,,,19,7,2019-08-01,44.46,0.03,-0.03,0,22.49,0.01,-0.01,0,82.944,0.050,0,-269.755,0.051,0,282.219,0.051,0,11.631,,0,3.27,0.187,-0.187,0
